Workbook
Name Pin_dBm: 输入配置!$C$2
Name SourceFreq: 输入配置!$C$3
Name SignalBW: 输入配置!$C$4
Name Bnoise_Hz: 输入配置!$C$5
Name Tsource_K: 输入配置!$C$6
Name Tref_K: 输入配置!$C$7
Name RequiredSNR_dB: 输入配置!$C$8
Name ImplLoss_dB: 输入配置!$C$9
Name Backoff_dB: 输入配置!$C$10
Name DefaultP: 输入配置!$C$11
Name ToneEnabled: 输入配置!$C$12
Name TonePin: 输入配置!$C$13
Name ToneSpacing: 输入配置!$C$14
Name Boltzmann: 输入配置!$C$15
Name NoiseConfigOK: 输入配置!$C$17

Sheet 使用说明
A1: RF-Link-Calculator｜可重算射频链路工作簿
A2: 构造基准A / 两级放大器
A3: 浅蓝色为可编辑输入，浅灰色为真实公式。打开Excel后请完整重算（Ctrl+Alt+F9）。
A4: openpyxl不执行公式；本文件未在本机Excel桌面重算验证。结果快照是导出时静态报告。
A5: 最多200级，第4～203行。取消隐藏空行后填写并启用；删除器件请禁用，勿删除物理行。
A6: 顺序由器件参数表的整行位置决定；整表排序/移动需包含所有列。不得单独排序某参数列。
A7: 噪声模式: manual/passive_thermal/ideal/unknown；IP3与P1: finite/ideal/unknown。
A8: IP3参考: input/output；P1参考: input/actual_output/linear_output。实际输出P1换算有额外1 dB。
A9: 不启用任何宏、插件或循环计算。压缩求解表使用82次完整链路传播（2次夹根检查＋80次二分）。
A10: JSON是标准回读格式；Excel修改不会回写网页、JSON或导出时快照。
A11: NF、IP3、P1未知分别阻断依赖指标；双音每音功率独立于主CW输入。
A12: Excel线性因子有数值范围，极端链路会显示数值域错误；Python采用对数域可覆盖更大范围。
... A17: 公式版本: 1.0.0；模型: p1_anchored_soft_saturation_v1

Sheet 输入配置
A1: 内部名称 | B1: 中文说明 | C1: 输入值 | D1: 单位
A2: Pin_dBm | B2: 主CW输入功率 | C2: -30 | D2: dBm
A3: SourceFreq | B3: 输入中心频率 | C3: 100000000 | D3: Hz
A4: SignalBW | B4: 信号带宽 | C4: 1000000 | D4: Hz
A5: Bnoise_Hz | B5: 等效噪声带宽 | C5: 1000000 | D5: Hz
A6: Tsource_K | B6: 输入源等效噪声温度 | C6: 290 | D6: K
A7: Tref_K | B7: 固定NF参考温度（勿改） | C7: 290 | D7: K
A8: RequiredSNR_dB | B8: 所需信噪比 | C8: 10 | D8: dB
A9: ImplLoss_dB | B9: 实现损失 | C9: 0 | D9: dB
A10: Backoff_dB | B10: 压缩回退 | C10: 3 | D10: dB
A11: DefaultP | B11: 默认压缩形状p | C11: 2
A12: ToneEnabled | B12: 独立双音分析启用 | C12: TRUE | D12: bool
A13: TonePin | B13: 每音输入功率 | C13: -30 | D13: dBm
A14: ToneSpacing | B14: 双音间隔 | C14: 100000 | D14: Hz
A15: Boltzmann | B15: 玻尔兹曼常数（勿改） | C15: 1.380649e-23 | D15: J/K
A17: NoiseConfigOK | B17: 噪声配置有效 | C17: =AND(ISNUMBER(Bnoise_Hz),Bnoise_Hz>0,ISNUMBER(Tsource_K),Tsource_K>0,Tref_K=290,Boltzmann=1.380649E-23) -> TRUE

Sheet 器件参数
A1: 编辑输入：最多200级；空行明确禁用，整行重排；名称与备注不会执行为公式
A3: 顺序 | B3: 启用 | C3: 器件ID | D3: 名称 | E3: 类型 | F3: 增益dB | G3: 噪声模式 | H3: NF dB | I3: 物理温度K | J3: IP3模式 | K3: IP3参考 | L3: IP3 dBm | M3: P1模式 | N3: P1参考 | O3: P1 dBm | P3: 形状p | Q3: 来源与条件 | R3: 频率下限Hz | S3: 频率上限Hz | T3: LO Hz | U3: 变频关系 | V3: NF口径 | W3: 噪声口径已确认 | X3: 最大输入dBm | Y3: 备注
A4: 1 | B4: TRUE | C4: 2f996e9f-a030-58e7-8824-f65c22788ebc | D4: 放大器A | E4: amplifier | F4: 10 | G4: manual | H4: 3 | I4: 290 | J4: finite | K4: input | L4: 10 | M4: finite | N4: input | O4: 0 | P4: 2 | Q4: {'kind': 'synthetic_example', 'note': '构造演示值，不代表实测或任何厂商'} | W4: FALSE
A5: 2 | B5: TRUE | C5: 0ed06258-f7fd-5875-b34b-17563dee4380 | D5: 放大器B | E5: amplifier | F5: 10 | G5: manual | H5: 6 | I5: 290 | J5: finite | K5: input | L5: 20 | M5: finite | N5: input | O5: 5 | P5: 2 | Q5: {'kind': 'synthetic_example', 'note': '构造演示值，不代表实测或任何厂商'} | W5: FALSE
A6: 3 | B6: FALSE | C6: reserved-3 | E6: custom | G6: unknown | I6: 290 | J6: unknown | K6: input | M6: unknown | N6: input | V6: unknown | W6: FALSE
A7: 4 | B7: FALSE | C7: reserved-4 | E7: custom | G7: unknown | I7: 290 | J7: unknown | K7: input | M7: unknown | N7: input | V7: unknown | W7: FALSE
A8: 5 | B8: FALSE | C8: reserved-5 | E8: custom | G8: unknown | I8: 290 | J8: unknown | K8: input | M8: unknown | N8: input | V8: unknown | W8: FALSE
A9: 6 | B9: FALSE | C9: reserved-6 | E9: custom | G9: unknown | I9: 290 | J9: unknown | K9: input | M9: unknown | N9: input | V9: unknown | W9: FALSE
A10: 7 | B10: FALSE | C10: reserved-7 | E10: custom | G10: unknown | I10: 290 | J10: unknown | K10: input | M10: unknown | N10: input | V10: unknown | W10: FALSE
A11: 8 | B11: FALSE | C11: reserved-8 | E11: custom | G11: unknown | I11: 290 | J11: unknown | K11: input | M11: unknown | N11: input | V11: unknown | W11: FALSE
A12: 9 | B12: FALSE | C12: reserved-9 | E12: custom | G12: unknown | I12: 290 | J12: unknown | K12: input | M12: unknown | N12: input | V12: unknown | W12: FALSE
A13: 10 | B13: FALSE | C13: reserved-10 | E13: custom | G13: unknown | I13: 290 | J13: unknown | K13: input | M13: unknown | N13: input | V13: unknown | W13: FALSE
A14: 11 | B14: FALSE | C14: reserved-11 | E14: custom | G14: unknown | I14: 290 | J14: unknown | K14: input | M14: unknown | N14: input | V14: unknown | W14: FALSE
A15: 12 | B15: FALSE | C15: reserved-12 | E15: custom | G15: unknown | I15: 290 | J15: unknown | K15: input | M15: unknown | N15: input | V15: unknown | W15: FALSE
A16: 13 | B16: FALSE | C16: reserved-13 | E16: custom | G16: unknown | I16: 290 | J16: unknown | K16: input | M16: unknown | N16: input | V16: unknown | W16: FALSE
A17: 14 | B17: FALSE | C17: reserved-14 | E17: custom | G17: unknown | I17: 290 | J17: unknown | K17: input | M17: unknown | N17: input | V17: unknown | W17: FALSE
... A203: 200 | B203: FALSE | C203: reserved-200 | E203: custom | G203: unknown | I203: 290 | J203: unknown | K203: input | M203: unknown | N203: input | V203: unknown | W203: FALSE

Sheet 逐级计算
A1: 当前Excel公式结果（自动重算）｜压缩为模型估算｜噪声为小信号预算
A2: 顺序 | B2: 器件名称 | C2: 有效增益dB | D2: 前级增益dB | E2: 累计增益dB | F2: 前级线性增益 | G2: 本级噪声因子 | H2: 累计噪声因子 | I2: 累计NF dB | J2: 线性输入dBm | K2: 线性输出dBm | L2: 本级IIP3 dBm | M2: IP3倒数和 | N2: 累计IIP3 dBm | O2: 累计OIP3 dBm | P2: 本级输入P1 dBm | Q2: 有效p | R2: 估算输入dBm | S2: 稳定指数z | T2: 本级压缩dB | U2: 估算输出dBm | V2: 累计压缩dB | W2: 入口折算阈值dBm | X2: 压缩模式 -1未知/0理想/1有限 | Y2: 噪声状态 | Z2: IP3状态 | AA2: 压缩状态 | AB2: 输入频率Hz | AC2: 输出频率Hz | AD2: 本级NF dB | AE2: 输入温度贡献K | AF2: 输出噪声dBm | AG2: SNR dB | AH2: 每音输出dBm | AI2: 弱非线性IM3外推dBm | AJ2: 有限级p | AK2: 频率适用性 | AL2: 同p闭式项 | AM2: 额定告警 | AN2: 基波1 Hz | AO2: 基波2 Hz | AP2: IM3低侧Hz | AQ2: IM3高侧Hz | AR2: 双音通带条件
E3: 0 | H3: 1 | M3: 0 | U3: =Pin_dBm -> -30 | AC3: =SourceFreq -> 100000000 | AN3: =SourceFreq+(-0.5)*ToneSpacing -> 99950000 | AO3: =SourceFreq+(0.5)*ToneSpacing -> 100050000 | AP3: =SourceFreq+(-1.5)*ToneSpacing -> 99850000 | AQ3: =SourceFreq+(1.5)*ToneSpacing -> 100150000 | AR3: =AND(MIN(AN3:AQ3)>0,ToneSpacing>0) -> TRUE
A4: =器件参数!A4 -> 1 | B4: =器件参数!D4 -> 放大器A | C4: =IF(NOT(器件参数!B4),0,IF(AND(ISNUMBER(器件参数!F4),ABS(器件参数!F4)<=300),器件参数!F4,"")) -> 10 | D4: =IF(ISNUMBER(E3),E3,"") -> 0 | E4: =IF(AND(ISNUMBER(C4),ISNUMBER(D4)),C4+D4,"") -> 10 | F4: =IFERROR(IF(AND(ISNUMBER(D4)),10^(D4/10),""),"数值域错误") -> 1 | G4: =IFERROR(IF(NOT(器件参数!B4),1,IF(NOT(OR(器件参数!E4<>"mixer",AND(OR(器件参数!V4="SSB",器件参数!V4="DSB"),器件参数!W4=TRUE))),"",IF(器件参数!G4="ideal",1,IF(AND(器件参数!G4="manual",ISNUMBER(器件参数!H4),器件参数!H4>=0),10^(器件参数!H4/10),IF(AND(器件参数!G4="passive_thermal",OR(器件参数!E4="filter_bpf",器件参数!E4="filter_lpf",器件参数!E4="filter_hpf",器件参数!E4="filter_bsf",器件参数!E4="attenuator",器件参数!E4="cable",器件参数!E4="connector",器件参数!E4="switch",器件参数!E4="isolator",器件参数!E4="coupler",器件参数!E4="splitter"),AND(ISNUMBER(器件参数!F4),ABS(器件参数!F4)<=300),器件参数!F4<=0,ISNUMBER(器件参数!I4),器件参数!I4>0),1+(10^(-器件参数!F4/10)-1)*器件参数!I4/Tref_K,""))))),"数值域错误") -> 1.9952623 | H4: =IFERROR(IF(AND(ISNUMBER(H3),ISNUMBER(G4),ISNUMBER(F4)),H3+(G4-1)/F4,""),"数值域错误") -> 1.9952623 | I4: =IF(AND(ISNUMBER(H4)),10*LOG10(H4),"") -> 3 | J4: =IF(AND(ISNUMBER(Pin_dBm),ISNUMBER(D4)),Pin_dBm+D4,"") -> -30 | K4: =IF(AND(ISNUMBER(Pin_dBm),ISNUMBER(E4)),Pin_dBm+E4,"") -> -20 | L4: =IF(AND(器件参数!J4="finite",ISNUMBER(器件参数!L4),ISNUMBER(C4)),IF(器件参数!K4="input",器件参数!L4,IF(器件参数!K4="output",器件参数!L4-C4,"")),"") -> 10 | M4: =IFERROR(IF(NOT(ISNUMBER(M3)),"",IF(OR(NOT(器件参数!B4),器件参数!J4="ideal"),M3,IF(AND(ISNUMBER(L4),ISNUMBER(F4)),M3+F4/10^(L4/10),""))),"数值域错误") -> 0.1 | N4: =IF(AND(ISNUMBER(M4),M4>0),-10*LOG10(M4),"") -> 10 | O4: =IF(AND(ISNUMBER(N4),ISNUMBER(E4)),N4+E4,"") -> 20 | P4: =IF(AND(器件参数!M4="finite",ISNUMBER(器件参数!O4),ISNUMBER(C4)),IF(器件参数!N4="input",器件参数!O4,IF(器件参数!N4="actual_output",器件参数!O4-C4+1,IF(器件参数!N4="linear_output",器件参数!O4-C4,""))),"") -> 0 | Q4: =IF(器件参数!P4="",IF(AND(ISNUMBER(DefaultP),DefaultP>=1,DefaultP<=10),DefaultP,""),IF(AND(ISNUMBER(器件参数!P4),器件参数!P4>=1,器件参数!P4<=10),器件参数!P4,"")) -> 2 | R4: =IF(ISNUMBER(U3),U3,"") -> -30 | S4: =IF(AND(ISNUMBER(Q4),ISNUMBER(R4),ISNUMBER(P4)),LN(10^(Q4/10)-1)+Q4*(R4-P4)*LN(10)/10,"") -> -14.351837 | T4: =IF(X4=0,0,IF(AND(X4=1,ISNUMBER(S4)),10/(Q4*LN(10))*(MAX(S4,0)+LN(1+EXP(-ABS(S4)))),"")) -> 1.2700791e-06 | U4: =IF(AND(ISNUMBER(R4),ISNUMBER(C4),ISNUMBER(T4)),R4+C4-T4,"") -> -20.000001 | V4: =IF(AND(ISNUMBER(Pin_dBm),ISNUMBER(E4),ISNUMBER(U4)),Pin_dBm+E4-U4,"") -> 1.2700791e-06 | W4: =IF(AND(器件参数!B4,X4=1,ISNUMBER(D4)),P4-D4,"") -> 0 | X4: =IF(NOT(ISNUMBER(C4)),-1,IF(OR(NOT(器件参数!B4),器件参数!M4="ideal"),0,IF(AND(ISNUMBER(P4),ISNUMBER(Q4)),1,-1))) -> 1 | Y4: =IF(ISNUMBER(H4),"有效","未知／噪声参数或口径不完整") -> 有效 | Z4: =IF(NOT(ISNUMBER(M4)),"未知／IP3参数不完整",IF(M4=0,"理想／无有限值","有效")) -> 有效 | AA4: =IF(ISNUMBER(U4),"模型估算","未知／增益或压缩参数不完整") -> 模型估算 | AB4: =IF(ISNUMBER(AC3),AC3,"") -> 100000000 | AC4: =IF(NOT(ISNUMBER(AB4)),"",IF(OR(NOT(器件参数!B4),器件参数!E4<>"mixer"),AB4,IF(AND(ISNUMBER(器件参数!T4),器件参数!T4>0),IF(器件参数!U4="sum",AB4+器件参数!T4,IF(器件参数!U4="difference",ABS(AB4-器件参数!T4),"")),""))) -> 100000000 | AD4: =IF(AND(ISNUMBER(G4)),10*LOG10(G4),"") -> 3 | AE4: =IF(AND(ISNUMBER(G4),ISNUMBER(F4)),Tref_K*(G4-1)/F4,"") -> 288.62607 | AF4: =IF(AND(ISNUMBER(H4),ISNUMBER(E4),NoiseConfigOK),10*LOG10(Boltzmann*Bnoise_Hz*(Tsource_K+Tref_K*(H4-1)))+30+E4,"") -> -100.97519 | AG4: =IF(AND(ISNUMBER(K4),ISNUMBER(AF4)),K4-AF4,"") -> 80.975187 | AH4: =IF(AND(ToneEnabled,ISNUMBER(E4),ISNUMBER(TonePin)),TonePin+E4,"") -> -20 | AI4: =IF(AND(ToneEnabled,ISNUMBER(E4),ISNUMBER(N4),ISNUMBER(TonePin)),3*TonePin+E4-2*N4,"") -> -100 | AJ4: =IF(X4=1,Q4,"") -> 2 | AK4: =IF(NOT(器件参数!B4),"旁路",IF(NOT(ISNUMBER(AC4)),"频率未知",IF(AC4<=SignalBW/2,"跨零频",IF(AND(ISNUMBER(器件参数!R4),ISNUMBER(器件参数!S4)),IF(AND(AB4-SignalBW/2>=器件参数!R4,AB4+SignalBW/2<=器件参数!S4),"有效","超声明通带"),"未声明通带")))) -> 未声明通带 | AL4: =IFERROR(IF(AND(X4=1,ISNUMBER(D4)),10^(Q4*(D4-P4)/10),0),"数值域错误") -> 1 | AM4: =IF(AND(器件参数!B4,ISNUMBER(器件参数!X4),OR(AND(ISNUMBER(J4),J4>器件参数!X4),IF(AND(ToneEnabled,ISNUMBER(TonePin),ISNUMBER(D4)),TonePin+10*LOG10(2)+D4>器件参数!X4,FALSE))),"超过绝对最大输入额定值","") | AN4: =IF(NOT(ISNUMBER(AN3)),"",IF(OR(NOT(器件参数!B4),器件参数!E4<>"mixer"),AN3,IF(AND(ISNUMBER(器件参数!T4),器件参数!T4>0),IF(器件参数!U4="sum",AN3+器件参数!T4,ABS(AN3-器件参数!T4)),""))) -> 99950000 | AO4: =IF(NOT(ISNUMBER(AO3)),"",IF(OR(NOT(器件参数!B4),器件参数!E4<>"mixer"),AO3,IF(AND(ISNUMBER(器件参数!T4),器件参数!T4>0),IF(器件参数!U4="sum",AO3+器件参数!T4,ABS(AO3-器件参数!T4)),""))) -> 100050000 | AP4: =IF(NOT(ISNUMBER(AP3)),"",IF(OR(NOT(器件参数!B4),器件参数!E4<>"mixer"),AP3,IF(AND(ISNUMBER(器件参数!T4),器件参数!T4>0),IF(器件参数!U4="sum",AP3+器件参数!T4,ABS(AP3-器件参数!T4)),""))) -> 99850000 | AQ4: =IF(NOT(ISNUMBER(AQ3)),"",IF(OR(NOT(器件参数!B4),器件参数!E4<>"mixer"),AQ3,IF(AND(ISNUMBER(器件参数!T4),器件参数!T4>0),IF(器件参数!U4="sum",AQ3+器件参数!T4,ABS(AQ3-器件参数!T4)),""))) -> 100150000 | AR4: =IF(NOT(AR3),FALSE,IF(NOT(器件参数!B4),TRUE,AND(COUNT(AN4:AQ4)=4,MIN(AN4:AQ4)>0,IF(AND(ISNUMBER(器件参数!R4),ISNUMBER(器件参数!S4)),AND(MIN(AN3:AQ3)>=器件参数!R4,MAX(AN3:AQ3)<=器件参数!S4),TRUE),IF(AND(器件参数!E4="mixer",器件参数!U4="difference"),OR(器件参数!T4<MIN(AN3:AQ3),器件参数!T4>MAX(AN3:AQ3)),TRUE)))) -> TRUE
A5: =器件参数!A5 -> 2 | B5: =器件参数!D5 -> 放大器B | C5: =IF(NOT(器件参数!B5),0,IF(AND(ISNUMBER(器件参数!F5),ABS(器件参数!F5)<=300),器件参数!F5,"")) -> 10 | D5: =IF(ISNUMBER(E4),E4,"") -> 10 | E5: =IF(AND(ISNUMBER(C5),ISNUMBER(D5)),C5+D5,"") -> 20 | F5: =IFERROR(IF(AND(ISNUMBER(D5)),10^(D5/10),""),"数值域错误") -> 10 | G5: =IFERROR(IF(NOT(器件参数!B5),1,IF(NOT(OR(器件参数!E5<>"mixer",AND(OR(器件参数!V5="SSB",器件参数!V5="DSB"),器件参数!W5=TRUE))),"",IF(器件参数!G5="ideal",1,IF(AND(器件参数!G5="manual",ISNUMBER(器件参数!H5),器件参数!H5>=0),10^(器件参数!H5/10),IF(AND(器件参数!G5="passive_thermal",OR(器件参数!E5="filter_bpf",器件参数!E5="filter_lpf",器件参数!E5="filter_hpf",器件参数!E5="filter_bsf",器件参数!E5="attenuator",器件参数!E5="cable",器件参数!E5="connector",器件参数!E5="switch",器件参数!E5="isolator",器件参数!E5="coupler",器件参数!E5="splitter"),AND(ISNUMBER(器件参数!F5),ABS(器件参数!F5)<=300),器件参数!F5<=0,ISNUMBER(器件参数!I5),器件参数!I5>0),1+(10^(-器件参数!F5/10)-1)*器件参数!I5/Tref_K,""))))),"数值域错误") -> 3.9810717 | H5: =IFERROR(IF(AND(ISNUMBER(H4),ISNUMBER(G5),ISNUMBER(F5)),H4+(G5-1)/F5,""),"数值域错误") -> 2.2933695 | I5: =IF(AND(ISNUMBER(H5)),10*LOG10(H5),"") -> 3.6047403 | J5: =IF(AND(ISNUMBER(Pin_dBm),ISNUMBER(D5)),Pin_dBm+D5,"") -> -20 | K5: =IF(AND(ISNUMBER(Pin_dBm),ISNUMBER(E5)),Pin_dBm+E5,"") -> -10 | L5: =IF(AND(器件参数!J5="finite",ISNUMBER(器件参数!L5),ISNUMBER(C5)),IF(器件参数!K5="input",器件参数!L5,IF(器件参数!K5="output",器件参数!L5-C5,"")),"") -> 20 | M5: =IFERROR(IF(NOT(ISNUMBER(M4)),"",IF(OR(NOT(器件参数!B5),器件参数!J5="ideal"),M4,IF(AND(ISNUMBER(L5),ISNUMBER(F5)),M4+F5/10^(L5/10),""))),"数值域错误") -> 0.2 | N5: =IF(AND(ISNUMBER(M5),M5>0),-10*LOG10(M5),"") -> 6.9897 | O5: =IF(AND(ISNUMBER(N5),ISNUMBER(E5)),N5+E5,"") -> 26.9897 | P5: =IF(AND(器件参数!M5="finite",ISNUMBER(器件参数!O5),ISNUMBER(C5)),IF(器件参数!N5="input",器件参数!O5,IF(器件参数!N5="actual_output",器件参数!O5-C5+1,IF(器件参数!N5="linear_output",器件参数!O5-C5,""))),"") -> 5 | Q5: =IF(器件参数!P5="",IF(AND(ISNUMBER(DefaultP),DefaultP>=1,DefaultP<=10),DefaultP,""),IF(AND(ISNUMBER(器件参数!P5),器件参数!P5>=1,器件参数!P5<=10),器件参数!P5,"")) -> 2 | R5: =IF(ISNUMBER(U4),U4,"") -> -20.000001 | S5: =IF(AND(ISNUMBER(Q5),ISNUMBER(R5),ISNUMBER(P5)),LN(10^(Q5/10)-1)+Q5*(R5-P5)*LN(10)/10,"") -> -12.049252 | T5: =IF(X5=0,0,IF(AND(X5=1,ISNUMBER(S5)),10/(Q5*LN(10))*(MAX(S5,0)+LN(1+EXP(-ABS(S5)))),"")) -> 1.270075e-05 | U5: =IF(AND(ISNUMBER(R5),ISNUMBER(C5),ISNUMBER(T5)),R5+C5-T5,"") -> -10.000014 | V5: =IF(AND(ISNUMBER(Pin_dBm),ISNUMBER(E5),ISNUMBER(U5)),Pin_dBm+E5-U5,"") -> 1.3970829e-05 | W5: =IF(AND(器件参数!B5,X5=1,ISNUMBER(D5)),P5-D5,"") -> -5 | X5: =IF(NOT(ISNUMBER(C5)),-1,IF(OR(NOT(器件参数!B5),器件参数!M5="ideal"),0,IF(AND(ISNUMBER(P5),ISNUMBER(Q5)),1,-1))) -> 1 | Y5: =IF(ISNUMBER(H5),"有效","未知／噪声参数或口径不完整") -> 有效 | Z5: =IF(NOT(ISNUMBER(M5)),"未知／IP3参数不完整",IF(M5=0,"理想／无有限值","有效")) -> 有效 | AA5: =IF(ISNUMBER(U5),"模型估算","未知／增益或压缩参数不完整") -> 模型估算 | AB5: =IF(ISNUMBER(AC4),AC4,"") -> 100000000 | AC5: =IF(NOT(ISNUMBER(AB5)),"",IF(OR(NOT(器件参数!B5),器件参数!E5<>"mixer"),AB5,IF(AND(ISNUMBER(器件参数!T5),器件参数!T5>0),IF(器件参数!U5="sum",AB5+器件参数!T5,IF(器件参数!U5="difference",ABS(AB5-器件参数!T5),"")),""))) -> 100000000 | AD5: =IF(AND(ISNUMBER(G5)),10*LOG10(G5),"") -> 6 | AE5: =IF(AND(ISNUMBER(G5),ISNUMBER(F5)),Tref_K*(G5-1)/F5,"") -> 86.451079 | AF5: =IF(AND(ISNUMBER(H5),ISNUMBER(E5),NoiseConfigOK),10*LOG10(Boltzmann*Bnoise_Hz*(Tsource_K+Tref_K*(H5-1)))+30+E5,"") -> -90.370447 | AG5: =IF(AND(ISNUMBER(K5),ISNUMBER(AF5)),K5-AF5,"") -> 80.370447 | AH5: =IF(AND(ToneEnabled,ISNUMBER(E5),ISNUMBER(TonePin)),TonePin+E5,"") -> -10 | AI5: =IF(AND(ToneEnabled,ISNUMBER(E5),ISNUMBER(N5),ISNUMBER(TonePin)),3*TonePin+E5-2*N5,"") -> -83.9794 | AJ5: =IF(X5=1,Q5,"") -> 2 | AK5: =IF(NOT(器件参数!B5),"旁路",IF(NOT(ISNUMBER(AC5)),"频率未知",IF(AC5<=SignalBW/2,"跨零频",IF(AND(ISNUMBER(器件参数!R5),ISNUMBER(器件参数!S5)),IF(AND(AB5-SignalBW/2>=器件参数!R5,AB5+SignalBW/2<=器件参数!S5),"有效","超声明通带"),"未声明通带")))) -> 未声明通带 | AL5: =IFERROR(IF(AND(X5=1,ISNUMBER(D5)),10^(Q5*(D5-P5)/10),0),"数值域错误") -> 10 | AM5: =IF(AND(器件参数!B5,ISNUMBER(器件参数!X5),OR(AND(ISNUMBER(J5),J5>器件参数!X5),IF(AND(ToneEnabled,ISNUMBER(TonePin),ISNUMBER(D5)),TonePin+10*LOG10(2)+D5>器件参数!X5,FALSE))),"超过绝对最大输入额定值","") | AN5: =IF(NOT(ISNUMBER(AN4)),"",IF(OR(NOT(器件参数!B5),器件参数!E5<>"mixer"),AN4,IF(AND(ISNUMBER(器件参数!T5),器件参数!T5>0),IF(器件参数!U5="sum",AN4+器件参数!T5,ABS(AN4-器件参数!T5)),""))) -> 99950000 | AO5: =IF(NOT(ISNUMBER(AO4)),"",IF(OR(NOT(器件参数!B5),器件参数!E5<>"mixer"),AO4,IF(AND(ISNUMBER(器件参数!T5),器件参数!T5>0),IF(器件参数!U5="sum",AO4+器件参数!T5,ABS(AO4-器件参数!T5)),""))) -> 100050000 | AP5: =IF(NOT(ISNUMBER(AP4)),"",IF(OR(NOT(器件参数!B5),器件参数!E5<>"mixer"),AP4,IF(AND(ISNUMBER(器件参数!T5),器件参数!T5>0),IF(器件参数!U5="sum",AP4+器件参数!T5,ABS(AP4-器件参数!T5)),""))) -> 99850000 | AQ5: =IF(NOT(ISNUMBER(AQ4)),"",IF(OR(NOT(器件参数!B5),器件参数!E5<>"mixer"),AQ4,IF(AND(ISNUMBER(器件参数!T5),器件参数!T5>0),IF(器件参数!U5="sum",AQ4+器件参数!T5,ABS(AQ4-器件参数!T5)),""))) -> 100150000 | AR5: =IF(NOT(AR4),FALSE,IF(NOT(器件参数!B5),TRUE,AND(COUNT(AN5:AQ5)=4,MIN(AN5:AQ5)>0,IF(AND(ISNUMBER(器件参数!R5),ISNUMBER(器件参数!S5)),AND(MIN(AN4:AQ4)>=器件参数!R5,MAX(AN4:AQ4)<=器件参数!S5),TRUE),IF(AND(器件参数!E5="mixer",器件参数!U5="difference"),OR(器件参数!T5<MIN(AN4:AQ4),器件参数!T5>MAX(AN4:AQ4)),TRUE)))) -> TRUE
A6: =器件参数!A6 -> 3 | B6: =器件参数!D6 | C6: =IF(NOT(器件参数!B6),0,IF(AND(ISNUMBER(器件参数!F6),ABS(器件参数!F6)<=300),器件参数!F6,"")) -> 0 | D6: =IF(ISNUMBER(E5),E5,"") -> 20 | E6: =IF(AND(ISNUMBER(C6),ISNUMBER(D6)),C6+D6,"") -> 20 | F6: =IFERROR(IF(AND(ISNUMBER(D6)),10^(D6/10),""),"数值域错误") -> 100 | G6: =IFERROR(IF(NOT(器件参数!B6),1,IF(NOT(OR(器件参数!E6<>"mixer",AND(OR(器件参数!V6="SSB",器件参数!V6="DSB"),器件参数!W6=TRUE))),"",IF(器件参数!G6="ideal",1,IF(AND(器件参数!G6="manual",ISNUMBER(器件参数!H6),器件参数!H6>=0),10^(器件参数!H6/10),IF(AND(器件参数!G6="passive_thermal",OR(器件参数!E6="filter_bpf",器件参数!E6="filter_lpf",器件参数!E6="filter_hpf",器件参数!E6="filter_bsf",器件参数!E6="attenuator",器件参数!E6="cable",器件参数!E6="connector",器件参数!E6="switch",器件参数!E6="isolator",器件参数!E6="coupler",器件参数!E6="splitter"),AND(ISNUMBER(器件参数!F6),ABS(器件参数!F6)<=300),器件参数!F6<=0,ISNUMBER(器件参数!I6),器件参数!I6>0),1+(10^(-器件参数!F6/10)-1)*器件参数!I6/Tref_K,""))))),"数值域错误") -> 1 | H6: =IFERROR(IF(AND(ISNUMBER(H5),ISNUMBER(G6),ISNUMBER(F6)),H5+(G6-1)/F6,""),"数值域错误") -> 2.2933695 | I6: =IF(AND(ISNUMBER(H6)),10*LOG10(H6),"") -> 3.6047403 | J6: =IF(AND(ISNUMBER(Pin_dBm),ISNUMBER(D6)),Pin_dBm+D6,"") -> -10 | K6: =IF(AND(ISNUMBER(Pin_dBm),ISNUMBER(E6)),Pin_dBm+E6,"") -> -10 | L6: =IF(AND(器件参数!J6="finite",ISNUMBER(器件参数!L6),ISNUMBER(C6)),IF(器件参数!K6="input",器件参数!L6,IF(器件参数!K6="output",器件参数!L6-C6,"")),"") | M6: =IFERROR(IF(NOT(ISNUMBER(M5)),"",IF(OR(NOT(器件参数!B6),器件参数!J6="ideal"),M5,IF(AND(ISNUMBER(L6),ISNUMBER(F6)),M5+F6/10^(L6/10),""))),"数值域错误") -> 0.2 | N6: =IF(AND(ISNUMBER(M6),M6>0),-10*LOG10(M6),"") -> 6.9897 | O6: =IF(AND(ISNUMBER(N6),ISNUMBER(E6)),N6+E6,"") -> 26.9897 | P6: =IF(AND(器件参数!M6="finite",ISNUMBER(器件参数!O6),ISNUMBER(C6)),IF(器件参数!N6="input",器件参数!O6,IF(器件参数!N6="actual_output",器件参数!O6-C6+1,IF(器件参数!N6="linear_output",器件参数!O6-C6,""))),"") | Q6: =IF(器件参数!P6="",IF(AND(ISNUMBER(DefaultP),DefaultP>=1,DefaultP<=10),DefaultP,""),IF(AND(ISNUMBER(器件参数!P6),器件参数!P6>=1,器件参数!P6<=10),器件参数!P6,"")) -> 2 | R6: =IF(ISNUMBER(U5),U5,"") -> -10.000014 | S6: =IF(AND(ISNUMBER(Q6),ISNUMBER(R6),ISNUMBER(P6)),LN(10^(Q6/10)-1)+Q6*(R6-P6)*LN(10)/10,"") | T6: =IF(X6=0,0,IF(AND(X6=1,ISNUMBER(S6)),10/(Q6*LN(10))*(MAX(S6,0)+LN(1+EXP(-ABS(S6)))),"")) -> 0 | U6: =IF(AND(ISNUMBER(R6),ISNUMBER(C6),ISNUMBER(T6)),R6+C6-T6,"") -> -10.000014 | V6: =IF(AND(ISNUMBER(Pin_dBm),ISNUMBER(E6),ISNUMBER(U6)),Pin_dBm+E6-U6,"") -> 1.3970829e-05 | W6: =IF(AND(器件参数!B6,X6=1,ISNUMBER(D6)),P6-D6,"") | X6: =IF(NOT(ISNUMBER(C6)),-1,IF(OR(NOT(器件参数!B6),器件参数!M6="ideal"),0,IF(AND(ISNUMBER(P6),ISNUMBER(Q6)),1,-1))) -> 0 | Y6: =IF(ISNUMBER(H6),"有效","未知／噪声参数或口径不完整") -> 有效 | Z6: =IF(NOT(ISNUMBER(M6)),"未知／IP3参数不完整",IF(M6=0,"理想／无有限值","有效")) -> 有效 | AA6: =IF(ISNUMBER(U6),"模型估算","未知／增益或压缩参数不完整") -> 模型估算 | AB6: =IF(ISNUMBER(AC5),AC5,"") -> 100000000 | AC6: =IF(NOT(ISNUMBER(AB6)),"",IF(OR(NOT(器件参数!B6),器件参数!E6<>"mixer"),AB6,IF(AND(ISNUMBER(器件参数!T6),器件参数!T6>0),IF(器件参数!U6="sum",AB6+器件参数!T6,IF(器件参数!U6="difference",ABS(AB6-器件参数!T6),"")),""))) -> 100000000 | AD6: =IF(AND(ISNUMBER(G6)),10*LOG10(G6),"") -> 0 | AE6: =IF(AND(ISNUMBER(G6),ISNUMBER(F6)),Tref_K*(G6-1)/F6,"") -> 0 | AF6: =IF(AND(ISNUMBER(H6),ISNUMBER(E6),NoiseConfigOK),10*LOG10(Boltzmann*Bnoise_Hz*(Tsource_K+Tref_K*(H6-1)))+30+E6,"") -> -90.370447 | AG6: =IF(AND(ISNUMBER(K6),ISNUMBER(AF6)),K6-AF6,"") -> 80.370447 | AH6: =IF(AND(ToneEnabled,ISNUMBER(E6),ISNUMBER(TonePin)),TonePin+E6,"") -> -10 | AI6: =IF(AND(ToneEnabled,ISNUMBER(E6),ISNUMBER(N6),ISNUMBER(TonePin)),3*TonePin+E6-2*N6,"") -> -83.9794 | AJ6: =IF(X6=1,Q6,"") | AK6: =IF(NOT(器件参数!B6),"旁路",IF(NOT(ISNUMBER(AC6)),"频率未知",IF(AC6<=SignalBW/2,"跨零频",IF(AND(ISNUMBER(器件参数!R6),ISNUMBER(器件参数!S6)),IF(AND(AB6-SignalBW/2>=器件参数!R6,AB6+SignalBW/2<=器件参数!S6),"有效","超声明通带"),"未声明通带")))) -> 旁路 | AL6: =IFERROR(IF(AND(X6=1,ISNUMBER(D6)),10^(Q6*(D6-P6)/10),0),"数值域错误") -> 0 | AM6: =IF(AND(器件参数!B6,ISNUMBER(器件参数!X6),OR(AND(ISNUMBER(J6),J6>器件参数!X6),IF(AND(ToneEnabled,ISNUMBER(TonePin),ISNUMBER(D6)),TonePin+10*LOG10(2)+D6>器件参数!X6,FALSE))),"超过绝对最大输入额定值","") | AN6: =IF(NOT(ISNUMBER(AN5)),"",IF(OR(NOT(器件参数!B6),器件参数!E6<>"mixer"),AN5,IF(AND(ISNUMBER(器件参数!T6),器件参数!T6>0),IF(器件参数!U6="sum",AN5+器件参数!T6,ABS(AN5-器件参数!T6)),""))) -> 99950000 | AO6: =IF(NOT(ISNUMBER(AO5)),"",IF(OR(NOT(器件参数!B6),器件参数!E6<>"mixer"),AO5,IF(AND(ISNUMBER(器件参数!T6),器件参数!T6>0),IF(器件参数!U6="sum",AO5+器件参数!T6,ABS(AO5-器件参数!T6)),""))) -> 100050000 | AP6: =IF(NOT(ISNUMBER(AP5)),"",IF(OR(NOT(器件参数!B6),器件参数!E6<>"mixer"),AP5,IF(AND(ISNUMBER(器件参数!T6),器件参数!T6>0),IF(器件参数!U6="sum",AP5+器件参数!T6,ABS(AP5-器件参数!T6)),""))) -> 99850000 | AQ6: =IF(NOT(ISNUMBER(AQ5)),"",IF(OR(NOT(器件参数!B6),器件参数!E6<>"mixer"),AQ5,IF(AND(ISNUMBER(器件参数!T6),器件参数!T6>0),IF(器件参数!U6="sum",AQ5+器件参数!T6,ABS(AQ5-器件参数!T6)),""))) -> 100150000 | AR6: =IF(NOT(AR5),FALSE,IF(NOT(器件参数!B6),TRUE,AND(COUNT(AN6:AQ6)=4,MIN(AN6:AQ6)>0,IF(AND(ISNUMBER(器件参数!R6),ISNUMBER(器件参数!S6)),AND(MIN(AN5:AQ5)>=器件参数!R6,MAX(AN5:AQ5)<=器件参数!S6),TRUE),IF(AND(器件参数!E6="mixer",器件参数!U6="difference"),OR(器件参数!T6<MIN(AN5:AQ5),器件参数!T6>MAX(AN5:AQ5)),TRUE)))) -> TRUE
A7: =器件参数!A7 -> 4 | B7: =器件参数!D7 | C7: =IF(NOT(器件参数!B7),0,IF(AND(ISNUMBER(器件参数!F7),ABS(器件参数!F7)<=300),器件参数!F7,"")) -> 0 | D7: =IF(ISNUMBER(E6),E6,"") -> 20 | E7: =IF(AND(ISNUMBER(C7),ISNUMBER(D7)),C7+D7,"") -> 20 | F7: =IFERROR(IF(AND(ISNUMBER(D7)),10^(D7/10),""),"数值域错误") -> 100 | G7: =IFERROR(IF(NOT(器件参数!B7),1,IF(NOT(OR(器件参数!E7<>"mixer",AND(OR(器件参数!V7="SSB",器件参数!V7="DSB"),器件参数!W7=TRUE))),"",IF(器件参数!G7="ideal",1,IF(AND(器件参数!G7="manual",ISNUMBER(器件参数!H7),器件参数!H7>=0),10^(器件参数!H7/10),IF(AND(器件参数!G7="passive_thermal",OR(器件参数!E7="filter_bpf",器件参数!E7="filter_lpf",器件参数!E7="filter_hpf",器件参数!E7="filter_bsf",器件参数!E7="attenuator",器件参数!E7="cable",器件参数!E7="connector",器件参数!E7="switch",器件参数!E7="isolator",器件参数!E7="coupler",器件参数!E7="splitter"),AND(ISNUMBER(器件参数!F7),ABS(器件参数!F7)<=300),器件参数!F7<=0,ISNUMBER(器件参数!I7),器件参数!I7>0),1+(10^(-器件参数!F7/10)-1)*器件参数!I7/Tref_K,""))))),"数值域错误") -> 1 | H7: =IFERROR(IF(AND(ISNUMBER(H6),ISNUMBER(G7),ISNUMBER(F7)),H6+(G7-1)/F7,""),"数值域错误") -> 2.2933695 | I7: =IF(AND(ISNUMBER(H7)),10*LOG10(H7),"") -> 3.6047403 | J7: =IF(AND(ISNUMBER(Pin_dBm),ISNUMBER(D7)),Pin_dBm+D7,"") -> -10 | K7: =IF(AND(ISNUMBER(Pin_dBm),ISNUMBER(E7)),Pin_dBm+E7,"") -> -10 | L7: =IF(AND(器件参数!J7="finite",ISNUMBER(器件参数!L7),ISNUMBER(C7)),IF(器件参数!K7="input",器件参数!L7,IF(器件参数!K7="output",器件参数!L7-C7,"")),"") | M7: =IFERROR(IF(NOT(ISNUMBER(M6)),"",IF(OR(NOT(器件参数!B7),器件参数!J7="ideal"),M6,IF(AND(ISNUMBER(L7),ISNUMBER(F7)),M6+F7/10^(L7/10),""))),"数值域错误") -> 0.2 | N7: =IF(AND(ISNUMBER(M7),M7>0),-10*LOG10(M7),"") -> 6.9897 | O7: =IF(AND(ISNUMBER(N7),ISNUMBER(E7)),N7+E7,"") -> 26.9897 | P7: =IF(AND(器件参数!M7="finite",ISNUMBER(器件参数!O7),ISNUMBER(C7)),IF(器件参数!N7="input",器件参数!O7,IF(器件参数!N7="actual_output",器件参数!O7-C7+1,IF(器件参数!N7="linear_output",器件参数!O7-C7,""))),"") | Q7: =IF(器件参数!P7="",IF(AND(ISNUMBER(DefaultP),DefaultP>=1,DefaultP<=10),DefaultP,""),IF(AND(ISNUMBER(器件参数!P7),器件参数!P7>=1,器件参数!P7<=10),器件参数!P7,"")) -> 2 | R7: =IF(ISNUMBER(U6),U6,"") -> -10.000014 | S7: =IF(AND(ISNUMBER(Q7),ISNUMBER(R7),ISNUMBER(P7)),LN(10^(Q7/10)-1)+Q7*(R7-P7)*LN(10)/10,"") | T7: =IF(X7=0,0,IF(AND(X7=1,ISNUMBER(S7)),10/(Q7*LN(10))*(MAX(S7,0)+LN(1+EXP(-ABS(S7)))),"")) -> 0 | U7: =IF(AND(ISNUMBER(R7),ISNUMBER(C7),ISNUMBER(T7)),R7+C7-T7,"") -> -10.000014 | V7: =IF(AND(ISNUMBER(Pin_dBm),ISNUMBER(E7),ISNUMBER(U7)),Pin_dBm+E7-U7,"") -> 1.3970829e-05 | W7: =IF(AND(器件参数!B7,X7=1,ISNUMBER(D7)),P7-D7,"") | X7: =IF(NOT(ISNUMBER(C7)),-1,IF(OR(NOT(器件参数!B7),器件参数!M7="ideal"),0,IF(AND(ISNUMBER(P7),ISNUMBER(Q7)),1,-1))) -> 0 | Y7: =IF(ISNUMBER(H7),"有效","未知／噪声参数或口径不完整") -> 有效 | Z7: =IF(NOT(ISNUMBER(M7)),"未知／IP3参数不完整",IF(M7=0,"理想／无有限值","有效")) -> 有效 | AA7: =IF(ISNUMBER(U7),"模型估算","未知／增益或压缩参数不完整") -> 模型估算 | AB7: =IF(ISNUMBER(AC6),AC6,"") -> 100000000 | AC7: =IF(NOT(ISNUMBER(AB7)),"",IF(OR(NOT(器件参数!B7),器件参数!E7<>"mixer"),AB7,IF(AND(ISNUMBER(器件参数!T7),器件参数!T7>0),IF(器件参数!U7="sum",AB7+器件参数!T7,IF(器件参数!U7="difference",ABS(AB7-器件参数!T7),"")),""))) -> 100000000 | AD7: =IF(AND(ISNUMBER(G7)),10*LOG10(G7),"") -> 0 | AE7: =IF(AND(ISNUMBER(G7),ISNUMBER(F7)),Tref_K*(G7-1)/F7,"") -> 0 | AF7: =IF(AND(ISNUMBER(H7),ISNUMBER(E7),NoiseConfigOK),10*LOG10(Boltzmann*Bnoise_Hz*(Tsource_K+Tref_K*(H7-1)))+30+E7,"") -> -90.370447 | AG7: =IF(AND(ISNUMBER(K7),ISNUMBER(AF7)),K7-AF7,"") -> 80.370447 | AH7: =IF(AND(ToneEnabled,ISNUMBER(E7),ISNUMBER(TonePin)),TonePin+E7,"") -> -10 | AI7: =IF(AND(ToneEnabled,ISNUMBER(E7),ISNUMBER(N7),ISNUMBER(TonePin)),3*TonePin+E7-2*N7,"") -> -83.9794 | AJ7: =IF(X7=1,Q7,"") | AK7: =IF(NOT(器件参数!B7),"旁路",IF(NOT(ISNUMBER(AC7)),"频率未知",IF(AC7<=SignalBW/2,"跨零频",IF(AND(ISNUMBER(器件参数!R7),ISNUMBER(器件参数!S7)),IF(AND(AB7-SignalBW/2>=器件参数!R7,AB7+SignalBW/2<=器件参数!S7),"有效","超声明通带"),"未声明通带")))) -> 旁路 | AL7: =IFERROR(IF(AND(X7=1,ISNUMBER(D7)),10^(Q7*(D7-P7)/10),0),"数值域错误") -> 0 | AM7: =IF(AND(器件参数!B7,ISNUMBER(器件参数!X7),OR(AND(ISNUMBER(J7),J7>器件参数!X7),IF(AND(ToneEnabled,ISNUMBER(TonePin),ISNUMBER(D7)),TonePin+10*LOG10(2)+D7>器件参数!X7,FALSE))),"超过绝对最大输入额定值","") | AN7: =IF(NOT(ISNUMBER(AN6)),"",IF(OR(NOT(器件参数!B7),器件参数!E7<>"mixer"),AN6,IF(AND(ISNUMBER(器件参数!T7),器件参数!T7>0),IF(器件参数!U7="sum",AN6+器件参数!T7,ABS(AN6-器件参数!T7)),""))) -> 99950000 | AO7: =IF(NOT(ISNUMBER(AO6)),"",IF(OR(NOT(器件参数!B7),器件参数!E7<>"mixer"),AO6,IF(AND(ISNUMBER(器件参数!T7),器件参数!T7>0),IF(器件参数!U7="sum",AO6+器件参数!T7,ABS(AO6-器件参数!T7)),""))) -> 100050000 | AP7: =IF(NOT(ISNUMBER(AP6)),"",IF(OR(NOT(器件参数!B7),器件参数!E7<>"mixer"),AP6,IF(AND(ISNUMBER(器件参数!T7),器件参数!T7>0),IF(器件参数!U7="sum",AP6+器件参数!T7,ABS(AP6-器件参数!T7)),""))) -> 99850000 | AQ7: =IF(NOT(ISNUMBER(AQ6)),"",IF(OR(NOT(器件参数!B7),器件参数!E7<>"mixer"),AQ6,IF(AND(ISNUMBER(器件参数!T7),器件参数!T7>0),IF(器件参数!U7="sum",AQ6+器件参数!T7,ABS(AQ6-器件参数!T7)),""))) -> 100150000 | AR7: =IF(NOT(AR6),FALSE,IF(NOT(器件参数!B7),TRUE,AND(COUNT(AN7:AQ7)=4,MIN(AN7:AQ7)>0,IF(AND(ISNUMBER(器件参数!R7),ISNUMBER(器件参数!S7)),AND(MIN(AN6:AQ6)>=器件参数!R7,MAX(AN6:AQ6)<=器件参数!S7),TRUE),IF(AND(器件参数!E7="mixer",器件参数!U7="difference"),OR(器件参数!T7<MIN(AN6:AQ6),器件参数!T7>MAX(AN6:AQ6)),TRUE)))) -> TRUE
A8: =器件参数!A8 -> 5 | B8: =器件参数!D8 | C8: =IF(NOT(器件参数!B8),0,IF(AND(ISNUMBER(器件参数!F8),ABS(器件参数!F8)<=300),器件参数!F8,"")) -> 0 | D8: =IF(ISNUMBER(E7),E7,"") -> 20 | E8: =IF(AND(ISNUMBER(C8),ISNUMBER(D8)),C8+D8,"") -> 20 | F8: =IFERROR(IF(AND(ISNUMBER(D8)),10^(D8/10),""),"数值域错误") -> 100 | G8: =IFERROR(IF(NOT(器件参数!B8),1,IF(NOT(OR(器件参数!E8<>"mixer",AND(OR(器件参数!V8="SSB",器件参数!V8="DSB"),器件参数!W8=TRUE))),"",IF(器件参数!G8="ideal",1,IF(AND(器件参数!G8="manual",ISNUMBER(器件参数!H8),器件参数!H8>=0),10^(器件参数!H8/10),IF(AND(器件参数!G8="passive_thermal",OR(器件参数!E8="filter_bpf",器件参数!E8="filter_lpf",器件参数!E8="filter_hpf",器件参数!E8="filter_bsf",器件参数!E8="attenuator",器件参数!E8="cable",器件参数!E8="connector",器件参数!E8="switch",器件参数!E8="isolator",器件参数!E8="coupler",器件参数!E8="splitter"),AND(ISNUMBER(器件参数!F8),ABS(器件参数!F8)<=300),器件参数!F8<=0,ISNUMBER(器件参数!I8),器件参数!I8>0),1+(10^(-器件参数!F8/10)-1)*器件参数!I8/Tref_K,""))))),"数值域错误") -> 1 | H8: =IFERROR(IF(AND(ISNUMBER(H7),ISNUMBER(G8),ISNUMBER(F8)),H7+(G8-1)/F8,""),"数值域错误") -> 2.2933695 | I8: =IF(AND(ISNUMBER(H8)),10*LOG10(H8),"") -> 3.6047403 | J8: =IF(AND(ISNUMBER(Pin_dBm),ISNUMBER(D8)),Pin_dBm+D8,"") -> -10 | K8: =IF(AND(ISNUMBER(Pin_dBm),ISNUMBER(E8)),Pin_dBm+E8,"") -> -10 | L8: =IF(AND(器件参数!J8="finite",ISNUMBER(器件参数!L8),ISNUMBER(C8)),IF(器件参数!K8="input",器件参数!L8,IF(器件参数!K8="output",器件参数!L8-C8,"")),"") | M8: =IFERROR(IF(NOT(ISNUMBER(M7)),"",IF(OR(NOT(器件参数!B8),器件参数!J8="ideal"),M7,IF(AND(ISNUMBER(L8),ISNUMBER(F8)),M7+F8/10^(L8/10),""))),"数值域错误") -> 0.2 | N8: =IF(AND(ISNUMBER(M8),M8>0),-10*LOG10(M8),"") -> 6.9897 | O8: =IF(AND(ISNUMBER(N8),ISNUMBER(E8)),N8+E8,"") -> 26.9897 | P8: =IF(AND(器件参数!M8="finite",ISNUMBER(器件参数!O8),ISNUMBER(C8)),IF(器件参数!N8="input",器件参数!O8,IF(器件参数!N8="actual_output",器件参数!O8-C8+1,IF(器件参数!N8="linear_output",器件参数!O8-C8,""))),"") | Q8: =IF(器件参数!P8="",IF(AND(ISNUMBER(DefaultP),DefaultP>=1,DefaultP<=10),DefaultP,""),IF(AND(ISNUMBER(器件参数!P8),器件参数!P8>=1,器件参数!P8<=10),器件参数!P8,"")) -> 2 | R8: =IF(ISNUMBER(U7),U7,"") -> -10.000014 | S8: =IF(AND(ISNUMBER(Q8),ISNUMBER(R8),ISNUMBER(P8)),LN(10^(Q8/10)-1)+Q8*(R8-P8)*LN(10)/10,"") | T8: =IF(X8=0,0,IF(AND(X8=1,ISNUMBER(S8)),10/(Q8*LN(10))*(MAX(S8,0)+LN(1+EXP(-ABS(S8)))),"")) -> 0 | U8: =IF(AND(ISNUMBER(R8),ISNUMBER(C8),ISNUMBER(T8)),R8+C8-T8,"") -> -10.000014 | V8: =IF(AND(ISNUMBER(Pin_dBm),ISNUMBER(E8),ISNUMBER(U8)),Pin_dBm+E8-U8,"") -> 1.3970829e-05 | W8: =IF(AND(器件参数!B8,X8=1,ISNUMBER(D8)),P8-D8,"") | X8: =IF(NOT(ISNUMBER(C8)),-1,IF(OR(NOT(器件参数!B8),器件参数!M8="ideal"),0,IF(AND(ISNUMBER(P8),ISNUMBER(Q8)),1,-1))) -> 0 | Y8: =IF(ISNUMBER(H8),"有效","未知／噪声参数或口径不完整") -> 有效 | Z8: =IF(NOT(ISNUMBER(M8)),"未知／IP3参数不完整",IF(M8=0,"理想／无有限值","有效")) -> 有效 | AA8: =IF(ISNUMBER(U8),"模型估算","未知／增益或压缩参数不完整") -> 模型估算 | AB8: =IF(ISNUMBER(AC7),AC7,"") -> 100000000 | AC8: =IF(NOT(ISNUMBER(AB8)),"",IF(OR(NOT(器件参数!B8),器件参数!E8<>"mixer"),AB8,IF(AND(ISNUMBER(器件参数!T8),器件参数!T8>0),IF(器件参数!U8="sum",AB8+器件参数!T8,IF(器件参数!U8="difference",ABS(AB8-器件参数!T8),"")),""))) -> 100000000 | AD8: =IF(AND(ISNUMBER(G8)),10*LOG10(G8),"") -> 0 | AE8: =IF(AND(ISNUMBER(G8),ISNUMBER(F8)),Tref_K*(G8-1)/F8,"") -> 0 | AF8: =IF(AND(ISNUMBER(H8),ISNUMBER(E8),NoiseConfigOK),10*LOG10(Boltzmann*Bnoise_Hz*(Tsource_K+Tref_K*(H8-1)))+30+E8,"") -> -90.370447 | AG8: =IF(AND(ISNUMBER(K8),ISNUMBER(AF8)),K8-AF8,"") -> 80.370447 | AH8: =IF(AND(ToneEnabled,ISNUMBER(E8),ISNUMBER(TonePin)),TonePin+E8,"") -> -10 | AI8: =IF(AND(ToneEnabled,ISNUMBER(E8),ISNUMBER(N8),ISNUMBER(TonePin)),3*TonePin+E8-2*N8,"") -> -83.9794 | AJ8: =IF(X8=1,Q8,"") | AK8: =IF(NOT(器件参数!B8),"旁路",IF(NOT(ISNUMBER(AC8)),"频率未知",IF(AC8<=SignalBW/2,"跨零频",IF(AND(ISNUMBER(器件参数!R8),ISNUMBER(器件参数!S8)),IF(AND(AB8-SignalBW/2>=器件参数!R8,AB8+SignalBW/2<=器件参数!S8),"有效","超声明通带"),"未声明通带")))) -> 旁路 | AL8: =IFERROR(IF(AND(X8=1,ISNUMBER(D8)),10^(Q8*(D8-P8)/10),0),"数值域错误") -> 0 | AM8: =IF(AND(器件参数!B8,ISNUMBER(器件参数!X8),OR(AND(ISNUMBER(J8),J8>器件参数!X8),IF(AND(ToneEnabled,ISNUMBER(TonePin),ISNUMBER(D8)),TonePin+10*LOG10(2)+D8>器件参数!X8,FALSE))),"超过绝对最大输入额定值","") | AN8: =IF(NOT(ISNUMBER(AN7)),"",IF(OR(NOT(器件参数!B8),器件参数!E8<>"mixer"),AN7,IF(AND(ISNUMBER(器件参数!T8),器件参数!T8>0),IF(器件参数!U8="sum",AN7+器件参数!T8,ABS(AN7-器件参数!T8)),""))) -> 99950000 | AO8: =IF(NOT(ISNUMBER(AO7)),"",IF(OR(NOT(器件参数!B8),器件参数!E8<>"mixer"),AO7,IF(AND(ISNUMBER(器件参数!T8),器件参数!T8>0),IF(器件参数!U8="sum",AO7+器件参数!T8,ABS(AO7-器件参数!T8)),""))) -> 100050000 | AP8: =IF(NOT(ISNUMBER(AP7)),"",IF(OR(NOT(器件参数!B8),器件参数!E8<>"mixer"),AP7,IF(AND(ISNUMBER(器件参数!T8),器件参数!T8>0),IF(器件参数!U8="sum",AP7+器件参数!T8,ABS(AP7-器件参数!T8)),""))) -> 99850000 | AQ8: =IF(NOT(ISNUMBER(AQ7)),"",IF(OR(NOT(器件参数!B8),器件参数!E8<>"mixer"),AQ7,IF(AND(ISNUMBER(器件参数!T8),器件参数!T8>0),IF(器件参数!U8="sum",AQ7+器件参数!T8,ABS(AQ7-器件参数!T8)),""))) -> 100150000 | AR8: =IF(NOT(AR7),FALSE,IF(NOT(器件参数!B8),TRUE,AND(COUNT(AN8:AQ8)=4,MIN(AN8:AQ8)>0,IF(AND(ISNUMBER(器件参数!R8),ISNUMBER(器件参数!S8)),AND(MIN(AN7:AQ7)>=器件参数!R8,MAX(AN7:AQ7)<=器件参数!S8),TRUE),IF(AND(器件参数!E8="mixer",器件参数!U8="difference"),OR(器件参数!T8<MIN(AN7:AQ7),器件参数!T8>MAX(AN7:AQ7)),TRUE)))) -> TRUE
A9: =器件参数!A9 -> 6 | B9: =器件参数!D9 | C9: =IF(NOT(器件参数!B9),0,IF(AND(ISNUMBER(器件参数!F9),ABS(器件参数!F9)<=300),器件参数!F9,"")) -> 0 | D9: =IF(ISNUMBER(E8),E8,"") -> 20 | E9: =IF(AND(ISNUMBER(C9),ISNUMBER(D9)),C9+D9,"") -> 20 | F9: =IFERROR(IF(AND(ISNUMBER(D9)),10^(D9/10),""),"数值域错误") -> 100 | G9: =IFERROR(IF(NOT(器件参数!B9),1,IF(NOT(OR(器件参数!E9<>"mixer",AND(OR(器件参数!V9="SSB",器件参数!V9="DSB"),器件参数!W9=TRUE))),"",IF(器件参数!G9="ideal",1,IF(AND(器件参数!G9="manual",ISNUMBER(器件参数!H9),器件参数!H9>=0),10^(器件参数!H9/10),IF(AND(器件参数!G9="passive_thermal",OR(器件参数!E9="filter_bpf",器件参数!E9="filter_lpf",器件参数!E9="filter_hpf",器件参数!E9="filter_bsf",器件参数!E9="attenuator",器件参数!E9="cable",器件参数!E9="connector",器件参数!E9="switch",器件参数!E9="isolator",器件参数!E9="coupler",器件参数!E9="splitter"),AND(ISNUMBER(器件参数!F9),ABS(器件参数!F9)<=300),器件参数!F9<=0,ISNUMBER(器件参数!I9),器件参数!I9>0),1+(10^(-器件参数!F9/10)-1)*器件参数!I9/Tref_K,""))))),"数值域错误") -> 1 | H9: =IFERROR(IF(AND(ISNUMBER(H8),ISNUMBER(G9),ISNUMBER(F9)),H8+(G9-1)/F9,""),"数值域错误") -> 2.2933695 | I9: =IF(AND(ISNUMBER(H9)),10*LOG10(H9),"") -> 3.6047403 | J9: =IF(AND(ISNUMBER(Pin_dBm),ISNUMBER(D9)),Pin_dBm+D9,"") -> -10 | K9: =IF(AND(ISNUMBER(Pin_dBm),ISNUMBER(E9)),Pin_dBm+E9,"") -> -10 | L9: =IF(AND(器件参数!J9="finite",ISNUMBER(器件参数!L9),ISNUMBER(C9)),IF(器件参数!K9="input",器件参数!L9,IF(器件参数!K9="output",器件参数!L9-C9,"")),"") | M9: =IFERROR(IF(NOT(ISNUMBER(M8)),"",IF(OR(NOT(器件参数!B9),器件参数!J9="ideal"),M8,IF(AND(ISNUMBER(L9),ISNUMBER(F9)),M8+F9/10^(L9/10),""))),"数值域错误") -> 0.2 | N9: =IF(AND(ISNUMBER(M9),M9>0),-10*LOG10(M9),"") -> 6.9897 | O9: =IF(AND(ISNUMBER(N9),ISNUMBER(E9)),N9+E9,"") -> 26.9897 | P9: =IF(AND(器件参数!M9="finite",ISNUMBER(器件参数!O9),ISNUMBER(C9)),IF(器件参数!N9="input",器件参数!O9,IF(器件参数!N9="actual_output",器件参数!O9-C9+1,IF(器件参数!N9="linear_output",器件参数!O9-C9,""))),"") | Q9: =IF(器件参数!P9="",IF(AND(ISNUMBER(DefaultP),DefaultP>=1,DefaultP<=10),DefaultP,""),IF(AND(ISNUMBER(器件参数!P9),器件参数!P9>=1,器件参数!P9<=10),器件参数!P9,"")) -> 2 | R9: =IF(ISNUMBER(U8),U8,"") -> -10.000014 | S9: =IF(AND(ISNUMBER(Q9),ISNUMBER(R9),ISNUMBER(P9)),LN(10^(Q9/10)-1)+Q9*(R9-P9)*LN(10)/10,"") | T9: =IF(X9=0,0,IF(AND(X9=1,ISNUMBER(S9)),10/(Q9*LN(10))*(MAX(S9,0)+LN(1+EXP(-ABS(S9)))),"")) -> 0 | U9: =IF(AND(ISNUMBER(R9),ISNUMBER(C9),ISNUMBER(T9)),R9+C9-T9,"") -> -10.000014 | V9: =IF(AND(ISNUMBER(Pin_dBm),ISNUMBER(E9),ISNUMBER(U9)),Pin_dBm+E9-U9,"") -> 1.3970829e-05 | W9: =IF(AND(器件参数!B9,X9=1,ISNUMBER(D9)),P9-D9,"") | X9: =IF(NOT(ISNUMBER(C9)),-1,IF(OR(NOT(器件参数!B9),器件参数!M9="ideal"),0,IF(AND(ISNUMBER(P9),ISNUMBER(Q9)),1,-1))) -> 0 | Y9: =IF(ISNUMBER(H9),"有效","未知／噪声参数或口径不完整") -> 有效 | Z9: =IF(NOT(ISNUMBER(M9)),"未知／IP3参数不完整",IF(M9=0,"理想／无有限值","有效")) -> 有效 | AA9: =IF(ISNUMBER(U9),"模型估算","未知／增益或压缩参数不完整") -> 模型估算 | AB9: =IF(ISNUMBER(AC8),AC8,"") -> 100000000 | AC9: =IF(NOT(ISNUMBER(AB9)),"",IF(OR(NOT(器件参数!B9),器件参数!E9<>"mixer"),AB9,IF(AND(ISNUMBER(器件参数!T9),器件参数!T9>0),IF(器件参数!U9="sum",AB9+器件参数!T9,IF(器件参数!U9="difference",ABS(AB9-器件参数!T9),"")),""))) -> 100000000 | AD9: =IF(AND(ISNUMBER(G9)),10*LOG10(G9),"") -> 0 | AE9: =IF(AND(ISNUMBER(G9),ISNUMBER(F9)),Tref_K*(G9-1)/F9,"") -> 0 | AF9: =IF(AND(ISNUMBER(H9),ISNUMBER(E9),NoiseConfigOK),10*LOG10(Boltzmann*Bnoise_Hz*(Tsource_K+Tref_K*(H9-1)))+30+E9,"") -> -90.370447 | AG9: =IF(AND(ISNUMBER(K9),ISNUMBER(AF9)),K9-AF9,"") -> 80.370447 | AH9: =IF(AND(ToneEnabled,ISNUMBER(E9),ISNUMBER(TonePin)),TonePin+E9,"") -> -10 | AI9: =IF(AND(ToneEnabled,ISNUMBER(E9),ISNUMBER(N9),ISNUMBER(TonePin)),3*TonePin+E9-2*N9,"") -> -83.9794 | AJ9: =IF(X9=1,Q9,"") | AK9: =IF(NOT(器件参数!B9),"旁路",IF(NOT(ISNUMBER(AC9)),"频率未知",IF(AC9<=SignalBW/2,"跨零频",IF(AND(ISNUMBER(器件参数!R9),ISNUMBER(器件参数!S9)),IF(AND(AB9-SignalBW/2>=器件参数!R9,AB9+SignalBW/2<=器件参数!S9),"有效","超声明通带"),"未声明通带")))) -> 旁路 | AL9: =IFERROR(IF(AND(X9=1,ISNUMBER(D9)),10^(Q9*(D9-P9)/10),0),"数值域错误") -> 0 | AM9: =IF(AND(器件参数!B9,ISNUMBER(器件参数!X9),OR(AND(ISNUMBER(J9),J9>器件参数!X9),IF(AND(ToneEnabled,ISNUMBER(TonePin),ISNUMBER(D9)),TonePin+10*LOG10(2)+D9>器件参数!X9,FALSE))),"超过绝对最大输入额定值","") | AN9: =IF(NOT(ISNUMBER(AN8)),"",IF(OR(NOT(器件参数!B9),器件参数!E9<>"mixer"),AN8,IF(AND(ISNUMBER(器件参数!T9),器件参数!T9>0),IF(器件参数!U9="sum",AN8+器件参数!T9,ABS(AN8-器件参数!T9)),""))) -> 99950000 | AO9: =IF(NOT(ISNUMBER(AO8)),"",IF(OR(NOT(器件参数!B9),器件参数!E9<>"mixer"),AO8,IF(AND(ISNUMBER(器件参数!T9),器件参数!T9>0),IF(器件参数!U9="sum",AO8+器件参数!T9,ABS(AO8-器件参数!T9)),""))) -> 100050000 | AP9: =IF(NOT(ISNUMBER(AP8)),"",IF(OR(NOT(器件参数!B9),器件参数!E9<>"mixer"),AP8,IF(AND(ISNUMBER(器件参数!T9),器件参数!T9>0),IF(器件参数!U9="sum",AP8+器件参数!T9,ABS(AP8-器件参数!T9)),""))) -> 99850000 | AQ9: =IF(NOT(ISNUMBER(AQ8)),"",IF(OR(NOT(器件参数!B9),器件参数!E9<>"mixer"),AQ8,IF(AND(ISNUMBER(器件参数!T9),器件参数!T9>0),IF(器件参数!U9="sum",AQ8+器件参数!T9,ABS(AQ8-器件参数!T9)),""))) -> 100150000 | AR9: =IF(NOT(AR8),FALSE,IF(NOT(器件参数!B9),TRUE,AND(COUNT(AN9:AQ9)=4,MIN(AN9:AQ9)>0,IF(AND(ISNUMBER(器件参数!R9),ISNUMBER(器件参数!S9)),AND(MIN(AN8:AQ8)>=器件参数!R9,MAX(AN8:AQ8)<=器件参数!S9),TRUE),IF(AND(器件参数!E9="mixer",器件参数!U9="difference"),OR(器件参数!T9<MIN(AN8:AQ8),器件参数!T9>MAX(AN8:AQ8)),TRUE)))) -> TRUE
A10: =器件参数!A10 -> 7 | B10: =器件参数!D10 | C10: =IF(NOT(器件参数!B10),0,IF(AND(ISNUMBER(器件参数!F10),ABS(器件参数!F10)<=300),器件参数!F10,"")) -> 0 | D10: =IF(ISNUMBER(E9),E9,"") -> 20 | E10: =IF(AND(ISNUMBER(C10),ISNUMBER(D10)),C10+D10,"") -> 20 | F10: =IFERROR(IF(AND(ISNUMBER(D10)),10^(D10/10),""),"数值域错误") -> 100 | G10: =IFERROR(IF(NOT(器件参数!B10),1,IF(NOT(OR(器件参数!E10<>"mixer",AND(OR(器件参数!V10="SSB",器件参数!V10="DSB"),器件参数!W10=TRUE))),"",IF(器件参数!G10="ideal",1,IF(AND(器件参数!G10="manual",ISNUMBER(器件参数!H10),器件参数!H10>=0),10^(器件参数!H10/10),IF(AND(器件参数!G10="passive_thermal",OR(器件参数!E10="filter_bpf",器件参数!E10="filter_lpf",器件参数!E10="filter_hpf",器件参数!E10="filter_bsf",器件参数!E10="attenuator",器件参数!E10="cable",器件参数!E10="connector",器件参数!E10="switch",器件参数!E10="isolator",器件参数!E10="coupler",器件参数!E10="splitter"),AND(ISNUMBER(器件参数!F10),ABS(器件参数!F10)<=300),器件参数!F10<=0,ISNUMBER(器件参数!I10),器件参数!I10>0),1+(10^(-器件参数!F10/10)-1)*器件参数!I10/Tref_K,""))))),"数值域错误") -> 1 | H10: =IFERROR(IF(AND(ISNUMBER(H9),ISNUMBER(G10),ISNUMBER(F10)),H9+(G10-1)/F10,""),"数值域错误") -> 2.2933695 | I10: =IF(AND(ISNUMBER(H10)),10*LOG10(H10),"") -> 3.6047403 | J10: =IF(AND(ISNUMBER(Pin_dBm),ISNUMBER(D10)),Pin_dBm+D10,"") -> -10 | K10: =IF(AND(ISNUMBER(Pin_dBm),ISNUMBER(E10)),Pin_dBm+E10,"") -> -10 | L10: =IF(AND(器件参数!J10="finite",ISNUMBER(器件参数!L10),ISNUMBER(C10)),IF(器件参数!K10="input",器件参数!L10,IF(器件参数!K10="output",器件参数!L10-C10,"")),"") | M10: =IFERROR(IF(NOT(ISNUMBER(M9)),"",IF(OR(NOT(器件参数!B10),器件参数!J10="ideal"),M9,IF(AND(ISNUMBER(L10),ISNUMBER(F10)),M9+F10/10^(L10/10),""))),"数值域错误") -> 0.2 | N10: =IF(AND(ISNUMBER(M10),M10>0),-10*LOG10(M10),"") -> 6.9897 | O10: =IF(AND(ISNUMBER(N10),ISNUMBER(E10)),N10+E10,"") -> 26.9897 | P10: =IF(AND(器件参数!M10="finite",ISNUMBER(器件参数!O10),ISNUMBER(C10)),IF(器件参数!N10="input",器件参数!O10,IF(器件参数!N10="actual_output",器件参数!O10-C10+1,IF(器件参数!N10="linear_output",器件参数!O10-C10,""))),"") | Q10: =IF(器件参数!P10="",IF(AND(ISNUMBER(DefaultP),DefaultP>=1,DefaultP<=10),DefaultP,""),IF(AND(ISNUMBER(器件参数!P10),器件参数!P10>=1,器件参数!P10<=10),器件参数!P10,"")) -> 2 | R10: =IF(ISNUMBER(U9),U9,"") -> -10.000014 | S10: =IF(AND(ISNUMBER(Q10),ISNUMBER(R10),ISNUMBER(P10)),LN(10^(Q10/10)-1)+Q10*(R10-P10)*LN(10)/10,"") | T10: =IF(X10=0,0,IF(AND(X10=1,ISNUMBER(S10)),10/(Q10*LN(10))*(MAX(S10,0)+LN(1+EXP(-ABS(S10)))),"")) -> 0 | U10: =IF(AND(ISNUMBER(R10),ISNUMBER(C10),ISNUMBER(T10)),R10+C10-T10,"") -> -10.000014 | V10: =IF(AND(ISNUMBER(Pin_dBm),ISNUMBER(E10),ISNUMBER(U10)),Pin_dBm+E10-U10,"") -> 1.3970829e-05 | W10: =IF(AND(器件参数!B10,X10=1,ISNUMBER(D10)),P10-D10,"") | X10: =IF(NOT(ISNUMBER(C10)),-1,IF(OR(NOT(器件参数!B10),器件参数!M10="ideal"),0,IF(AND(ISNUMBER(P10),ISNUMBER(Q10)),1,-1))) -> 0 | Y10: =IF(ISNUMBER(H10),"有效","未知／噪声参数或口径不完整") -> 有效 | Z10: =IF(NOT(ISNUMBER(M10)),"未知／IP3参数不完整",IF(M10=0,"理想／无有限值","有效")) -> 有效 | AA10: =IF(ISNUMBER(U10),"模型估算","未知／增益或压缩参数不完整") -> 模型估算 | AB10: =IF(ISNUMBER(AC9),AC9,"") -> 100000000 | AC10: =IF(NOT(ISNUMBER(AB10)),"",IF(OR(NOT(器件参数!B10),器件参数!E10<>"mixer"),AB10,IF(AND(ISNUMBER(器件参数!T10),器件参数!T10>0),IF(器件参数!U10="sum",AB10+器件参数!T10,IF(器件参数!U10="difference",ABS(AB10-器件参数!T10),"")),""))) -> 100000000 | AD10: =IF(AND(ISNUMBER(G10)),10*LOG10(G10),"") -> 0 | AE10: =IF(AND(ISNUMBER(G10),ISNUMBER(F10)),Tref_K*(G10-1)/F10,"") -> 0 | AF10: =IF(AND(ISNUMBER(H10),ISNUMBER(E10),NoiseConfigOK),10*LOG10(Boltzmann*Bnoise_Hz*(Tsource_K+Tref_K*(H10-1)))+30+E10,"") -> -90.370447 | AG10: =IF(AND(ISNUMBER(K10),ISNUMBER(AF10)),K10-AF10,"") -> 80.370447 | AH10: =IF(AND(ToneEnabled,ISNUMBER(E10),ISNUMBER(TonePin)),TonePin+E10,"") -> -10 | AI10: =IF(AND(ToneEnabled,ISNUMBER(E10),ISNUMBER(N10),ISNUMBER(TonePin)),3*TonePin+E10-2*N10,"") -> -83.9794 | AJ10: =IF(X10=1,Q10,"") | AK10: =IF(NOT(器件参数!B10),"旁路",IF(NOT(ISNUMBER(AC10)),"频率未知",IF(AC10<=SignalBW/2,"跨零频",IF(AND(ISNUMBER(器件参数!R10),ISNUMBER(器件参数!S10)),IF(AND(AB10-SignalBW/2>=器件参数!R10,AB10+SignalBW/2<=器件参数!S10),"有效","超声明通带"),"未声明通带")))) -> 旁路 | AL10: =IFERROR(IF(AND(X10=1,ISNUMBER(D10)),10^(Q10*(D10-P10)/10),0),"数值域错误") -> 0 | AM10: =IF(AND(器件参数!B10,ISNUMBER(器件参数!X10),OR(AND(ISNUMBER(J10),J10>器件参数!X10),IF(AND(ToneEnabled,ISNUMBER(TonePin),ISNUMBER(D10)),TonePin+10*LOG10(2)+D10>器件参数!X10,FALSE))),"超过绝对最大输入额定值","") | AN10: =IF(NOT(ISNUMBER(AN9)),"",IF(OR(NOT(器件参数!B10),器件参数!E10<>"mixer"),AN9,IF(AND(ISNUMBER(器件参数!T10),器件参数!T10>0),IF(器件参数!U10="sum",AN9+器件参数!T10,ABS(AN9-器件参数!T10)),""))) -> 99950000 | AO10: =IF(NOT(ISNUMBER(AO9)),"",IF(OR(NOT(器件参数!B10),器件参数!E10<>"mixer"),AO9,IF(AND(ISNUMBER(器件参数!T10),器件参数!T10>0),IF(器件参数!U10="sum",AO9+器件参数!T10,ABS(AO9-器件参数!T10)),""))) -> 100050000 | AP10: =IF(NOT(ISNUMBER(AP9)),"",IF(OR(NOT(器件参数!B10),器件参数!E10<>"mixer"),AP9,IF(AND(ISNUMBER(器件参数!T10),器件参数!T10>0),IF(器件参数!U10="sum",AP9+器件参数!T10,ABS(AP9-器件参数!T10)),""))) -> 99850000 | AQ10: =IF(NOT(ISNUMBER(AQ9)),"",IF(OR(NOT(器件参数!B10),器件参数!E10<>"mixer"),AQ9,IF(AND(ISNUMBER(器件参数!T10),器件参数!T10>0),IF(器件参数!U10="sum",AQ9+器件参数!T10,ABS(AQ9-器件参数!T10)),""))) -> 100150000 | AR10: =IF(NOT(AR9),FALSE,IF(NOT(器件参数!B10),TRUE,AND(COUNT(AN10:AQ10)=4,MIN(AN10:AQ10)>0,IF(AND(ISNUMBER(器件参数!R10),ISNUMBER(器件参数!S10)),AND(MIN(AN9:AQ9)>=器件参数!R10,MAX(AN9:AQ9)<=器件参数!S10),TRUE),IF(AND(器件参数!E10="mixer",器件参数!U10="difference"),OR(器件参数!T10<MIN(AN9:AQ9),器件参数!T10>MAX(AN9:AQ9)),TRUE)))) -> TRUE
A11: =器件参数!A11 -> 8 | B11: =器件参数!D11 | C11: =IF(NOT(器件参数!B11),0,IF(AND(ISNUMBER(器件参数!F11),ABS(器件参数!F11)<=300),器件参数!F11,"")) -> 0 | D11: =IF(ISNUMBER(E10),E10,"") -> 20 | E11: =IF(AND(ISNUMBER(C11),ISNUMBER(D11)),C11+D11,"") -> 20 | F11: =IFERROR(IF(AND(ISNUMBER(D11)),10^(D11/10),""),"数值域错误") -> 100 | G11: =IFERROR(IF(NOT(器件参数!B11),1,IF(NOT(OR(器件参数!E11<>"mixer",AND(OR(器件参数!V11="SSB",器件参数!V11="DSB"),器件参数!W11=TRUE))),"",IF(器件参数!G11="ideal",1,IF(AND(器件参数!G11="manual",ISNUMBER(器件参数!H11),器件参数!H11>=0),10^(器件参数!H11/10),IF(AND(器件参数!G11="passive_thermal",OR(器件参数!E11="filter_bpf",器件参数!E11="filter_lpf",器件参数!E11="filter_hpf",器件参数!E11="filter_bsf",器件参数!E11="attenuator",器件参数!E11="cable",器件参数!E11="connector",器件参数!E11="switch",器件参数!E11="isolator",器件参数!E11="coupler",器件参数!E11="splitter"),AND(ISNUMBER(器件参数!F11),ABS(器件参数!F11)<=300),器件参数!F11<=0,ISNUMBER(器件参数!I11),器件参数!I11>0),1+(10^(-器件参数!F11/10)-1)*器件参数!I11/Tref_K,""))))),"数值域错误") -> 1 | H11: =IFERROR(IF(AND(ISNUMBER(H10),ISNUMBER(G11),ISNUMBER(F11)),H10+(G11-1)/F11,""),"数值域错误") -> 2.2933695 | I11: =IF(AND(ISNUMBER(H11)),10*LOG10(H11),"") -> 3.6047403 | J11: =IF(AND(ISNUMBER(Pin_dBm),ISNUMBER(D11)),Pin_dBm+D11,"") -> -10 | K11: =IF(AND(ISNUMBER(Pin_dBm),ISNUMBER(E11)),Pin_dBm+E11,"") -> -10 | L11: =IF(AND(器件参数!J11="finite",ISNUMBER(器件参数!L11),ISNUMBER(C11)),IF(器件参数!K11="input",器件参数!L11,IF(器件参数!K11="output",器件参数!L11-C11,"")),"") | M11: =IFERROR(IF(NOT(ISNUMBER(M10)),"",IF(OR(NOT(器件参数!B11),器件参数!J11="ideal"),M10,IF(AND(ISNUMBER(L11),ISNUMBER(F11)),M10+F11/10^(L11/10),""))),"数值域错误") -> 0.2 | N11: =IF(AND(ISNUMBER(M11),M11>0),-10*LOG10(M11),"") -> 6.9897 | O11: =IF(AND(ISNUMBER(N11),ISNUMBER(E11)),N11+E11,"") -> 26.9897 | P11: =IF(AND(器件参数!M11="finite",ISNUMBER(器件参数!O11),ISNUMBER(C11)),IF(器件参数!N11="input",器件参数!O11,IF(器件参数!N11="actual_output",器件参数!O11-C11+1,IF(器件参数!N11="linear_output",器件参数!O11-C11,""))),"") | Q11: =IF(器件参数!P11="",IF(AND(ISNUMBER(DefaultP),DefaultP>=1,DefaultP<=10),DefaultP,""),IF(AND(ISNUMBER(器件参数!P11),器件参数!P11>=1,器件参数!P11<=10),器件参数!P11,"")) -> 2 | R11: =IF(ISNUMBER(U10),U10,"") -> -10.000014 | S11: =IF(AND(ISNUMBER(Q11),ISNUMBER(R11),ISNUMBER(P11)),LN(10^(Q11/10)-1)+Q11*(R11-P11)*LN(10)/10,"") | T11: =IF(X11=0,0,IF(AND(X11=1,ISNUMBER(S11)),10/(Q11*LN(10))*(MAX(S11,0)+LN(1+EXP(-ABS(S11)))),"")) -> 0 | U11: =IF(AND(ISNUMBER(R11),ISNUMBER(C11),ISNUMBER(T11)),R11+C11-T11,"") -> -10.000014 | V11: =IF(AND(ISNUMBER(Pin_dBm),ISNUMBER(E11),ISNUMBER(U11)),Pin_dBm+E11-U11,"") -> 1.3970829e-05 | W11: =IF(AND(器件参数!B11,X11=1,ISNUMBER(D11)),P11-D11,"") | X11: =IF(NOT(ISNUMBER(C11)),-1,IF(OR(NOT(器件参数!B11),器件参数!M11="ideal"),0,IF(AND(ISNUMBER(P11),ISNUMBER(Q11)),1,-1))) -> 0 | Y11: =IF(ISNUMBER(H11),"有效","未知／噪声参数或口径不完整") -> 有效 | Z11: =IF(NOT(ISNUMBER(M11)),"未知／IP3参数不完整",IF(M11=0,"理想／无有限值","有效")) -> 有效 | AA11: =IF(ISNUMBER(U11),"模型估算","未知／增益或压缩参数不完整") -> 模型估算 | AB11: =IF(ISNUMBER(AC10),AC10,"") -> 100000000 | AC11: =IF(NOT(ISNUMBER(AB11)),"",IF(OR(NOT(器件参数!B11),器件参数!E11<>"mixer"),AB11,IF(AND(ISNUMBER(器件参数!T11),器件参数!T11>0),IF(器件参数!U11="sum",AB11+器件参数!T11,IF(器件参数!U11="difference",ABS(AB11-器件参数!T11),"")),""))) -> 100000000 | AD11: =IF(AND(ISNUMBER(G11)),10*LOG10(G11),"") -> 0 | AE11: =IF(AND(ISNUMBER(G11),ISNUMBER(F11)),Tref_K*(G11-1)/F11,"") -> 0 | AF11: =IF(AND(ISNUMBER(H11),ISNUMBER(E11),NoiseConfigOK),10*LOG10(Boltzmann*Bnoise_Hz*(Tsource_K+Tref_K*(H11-1)))+30+E11,"") -> -90.370447 | AG11: =IF(AND(ISNUMBER(K11),ISNUMBER(AF11)),K11-AF11,"") -> 80.370447 | AH11: =IF(AND(ToneEnabled,ISNUMBER(E11),ISNUMBER(TonePin)),TonePin+E11,"") -> -10 | AI11: =IF(AND(ToneEnabled,ISNUMBER(E11),ISNUMBER(N11),ISNUMBER(TonePin)),3*TonePin+E11-2*N11,"") -> -83.9794 | AJ11: =IF(X11=1,Q11,"") | AK11: =IF(NOT(器件参数!B11),"旁路",IF(NOT(ISNUMBER(AC11)),"频率未知",IF(AC11<=SignalBW/2,"跨零频",IF(AND(ISNUMBER(器件参数!R11),ISNUMBER(器件参数!S11)),IF(AND(AB11-SignalBW/2>=器件参数!R11,AB11+SignalBW/2<=器件参数!S11),"有效","超声明通带"),"未声明通带")))) -> 旁路 | AL11: =IFERROR(IF(AND(X11=1,ISNUMBER(D11)),10^(Q11*(D11-P11)/10),0),"数值域错误") -> 0 | AM11: =IF(AND(器件参数!B11,ISNUMBER(器件参数!X11),OR(AND(ISNUMBER(J11),J11>器件参数!X11),IF(AND(ToneEnabled,ISNUMBER(TonePin),ISNUMBER(D11)),TonePin+10*LOG10(2)+D11>器件参数!X11,FALSE))),"超过绝对最大输入额定值","") | AN11: =IF(NOT(ISNUMBER(AN10)),"",IF(OR(NOT(器件参数!B11),器件参数!E11<>"mixer"),AN10,IF(AND(ISNUMBER(器件参数!T11),器件参数!T11>0),IF(器件参数!U11="sum",AN10+器件参数!T11,ABS(AN10-器件参数!T11)),""))) -> 99950000 | AO11: =IF(NOT(ISNUMBER(AO10)),"",IF(OR(NOT(器件参数!B11),器件参数!E11<>"mixer"),AO10,IF(AND(ISNUMBER(器件参数!T11),器件参数!T11>0),IF(器件参数!U11="sum",AO10+器件参数!T11,ABS(AO10-器件参数!T11)),""))) -> 100050000 | AP11: =IF(NOT(ISNUMBER(AP10)),"",IF(OR(NOT(器件参数!B11),器件参数!E11<>"mixer"),AP10,IF(AND(ISNUMBER(器件参数!T11),器件参数!T11>0),IF(器件参数!U11="sum",AP10+器件参数!T11,ABS(AP10-器件参数!T11)),""))) -> 99850000 | AQ11: =IF(NOT(ISNUMBER(AQ10)),"",IF(OR(NOT(器件参数!B11),器件参数!E11<>"mixer"),AQ10,IF(AND(ISNUMBER(器件参数!T11),器件参数!T11>0),IF(器件参数!U11="sum",AQ10+器件参数!T11,ABS(AQ10-器件参数!T11)),""))) -> 100150000 | AR11: =IF(NOT(AR10),FALSE,IF(NOT(器件参数!B11),TRUE,AND(COUNT(AN11:AQ11)=4,MIN(AN11:AQ11)>0,IF(AND(ISNUMBER(器件参数!R11),ISNUMBER(器件参数!S11)),AND(MIN(AN10:AQ10)>=器件参数!R11,MAX(AN10:AQ10)<=器件参数!S11),TRUE),IF(AND(器件参数!E11="mixer",器件参数!U11="difference"),OR(器件参数!T11<MIN(AN10:AQ10),器件参数!T11>MAX(AN10:AQ10)),TRUE)))) -> TRUE
A12: =器件参数!A12 -> 9 | B12: =器件参数!D12 | C12: =IF(NOT(器件参数!B12),0,IF(AND(ISNUMBER(器件参数!F12),ABS(器件参数!F12)<=300),器件参数!F12,"")) -> 0 | D12: =IF(ISNUMBER(E11),E11,"") -> 20 | E12: =IF(AND(ISNUMBER(C12),ISNUMBER(D12)),C12+D12,"") -> 20 | F12: =IFERROR(IF(AND(ISNUMBER(D12)),10^(D12/10),""),"数值域错误") -> 100 | G12: =IFERROR(IF(NOT(器件参数!B12),1,IF(NOT(OR(器件参数!E12<>"mixer",AND(OR(器件参数!V12="SSB",器件参数!V12="DSB"),器件参数!W12=TRUE))),"",IF(器件参数!G12="ideal",1,IF(AND(器件参数!G12="manual",ISNUMBER(器件参数!H12),器件参数!H12>=0),10^(器件参数!H12/10),IF(AND(器件参数!G12="passive_thermal",OR(器件参数!E12="filter_bpf",器件参数!E12="filter_lpf",器件参数!E12="filter_hpf",器件参数!E12="filter_bsf",器件参数!E12="attenuator",器件参数!E12="cable",器件参数!E12="connector",器件参数!E12="switch",器件参数!E12="isolator",器件参数!E12="coupler",器件参数!E12="splitter"),AND(ISNUMBER(器件参数!F12),ABS(器件参数!F12)<=300),器件参数!F12<=0,ISNUMBER(器件参数!I12),器件参数!I12>0),1+(10^(-器件参数!F12/10)-1)*器件参数!I12/Tref_K,""))))),"数值域错误") -> 1 | H12: =IFERROR(IF(AND(ISNUMBER(H11),ISNUMBER(G12),ISNUMBER(F12)),H11+(G12-1)/F12,""),"数值域错误") -> 2.2933695 | I12: =IF(AND(ISNUMBER(H12)),10*LOG10(H12),"") -> 3.6047403 | J12: =IF(AND(ISNUMBER(Pin_dBm),ISNUMBER(D12)),Pin_dBm+D12,"") -> -10 | K12: =IF(AND(ISNUMBER(Pin_dBm),ISNUMBER(E12)),Pin_dBm+E12,"") -> -10 | L12: =IF(AND(器件参数!J12="finite",ISNUMBER(器件参数!L12),ISNUMBER(C12)),IF(器件参数!K12="input",器件参数!L12,IF(器件参数!K12="output",器件参数!L12-C12,"")),"") | M12: =IFERROR(IF(NOT(ISNUMBER(M11)),"",IF(OR(NOT(器件参数!B12),器件参数!J12="ideal"),M11,IF(AND(ISNUMBER(L12),ISNUMBER(F12)),M11+F12/10^(L12/10),""))),"数值域错误") -> 0.2 | N12: =IF(AND(ISNUMBER(M12),M12>0),-10*LOG10(M12),"") -> 6.9897 | O12: =IF(AND(ISNUMBER(N12),ISNUMBER(E12)),N12+E12,"") -> 26.9897 | P12: =IF(AND(器件参数!M12="finite",ISNUMBER(器件参数!O12),ISNUMBER(C12)),IF(器件参数!N12="input",器件参数!O12,IF(器件参数!N12="actual_output",器件参数!O12-C12+1,IF(器件参数!N12="linear_output",器件参数!O12-C12,""))),"") | Q12: =IF(器件参数!P12="",IF(AND(ISNUMBER(DefaultP),DefaultP>=1,DefaultP<=10),DefaultP,""),IF(AND(ISNUMBER(器件参数!P12),器件参数!P12>=1,器件参数!P12<=10),器件参数!P12,"")) -> 2 | R12: =IF(ISNUMBER(U11),U11,"") -> -10.000014 | S12: =IF(AND(ISNUMBER(Q12),ISNUMBER(R12),ISNUMBER(P12)),LN(10^(Q12/10)-1)+Q12*(R12-P12)*LN(10)/10,"") | T12: =IF(X12=0,0,IF(AND(X12=1,ISNUMBER(S12)),10/(Q12*LN(10))*(MAX(S12,0)+LN(1+EXP(-ABS(S12)))),"")) -> 0 | U12: =IF(AND(ISNUMBER(R12),ISNUMBER(C12),ISNUMBER(T12)),R12+C12-T12,"") -> -10.000014 | V12: =IF(AND(ISNUMBER(Pin_dBm),ISNUMBER(E12),ISNUMBER(U12)),Pin_dBm+E12-U12,"") -> 1.3970829e-05 | W12: =IF(AND(器件参数!B12,X12=1,ISNUMBER(D12)),P12-D12,"") | X12: =IF(NOT(ISNUMBER(C12)),-1,IF(OR(NOT(器件参数!B12),器件参数!M12="ideal"),0,IF(AND(ISNUMBER(P12),ISNUMBER(Q12)),1,-1))) -> 0 | Y12: =IF(ISNUMBER(H12),"有效","未知／噪声参数或口径不完整") -> 有效 | Z12: =IF(NOT(ISNUMBER(M12)),"未知／IP3参数不完整",IF(M12=0,"理想／无有限值","有效")) -> 有效 | AA12: =IF(ISNUMBER(U12),"模型估算","未知／增益或压缩参数不完整") -> 模型估算 | AB12: =IF(ISNUMBER(AC11),AC11,"") -> 100000000 | AC12: =IF(NOT(ISNUMBER(AB12)),"",IF(OR(NOT(器件参数!B12),器件参数!E12<>"mixer"),AB12,IF(AND(ISNUMBER(器件参数!T12),器件参数!T12>0),IF(器件参数!U12="sum",AB12+器件参数!T12,IF(器件参数!U12="difference",ABS(AB12-器件参数!T12),"")),""))) -> 100000000 | AD12: =IF(AND(ISNUMBER(G12)),10*LOG10(G12),"") -> 0 | AE12: =IF(AND(ISNUMBER(G12),ISNUMBER(F12)),Tref_K*(G12-1)/F12,"") -> 0 | AF12: =IF(AND(ISNUMBER(H12),ISNUMBER(E12),NoiseConfigOK),10*LOG10(Boltzmann*Bnoise_Hz*(Tsource_K+Tref_K*(H12-1)))+30+E12,"") -> -90.370447 | AG12: =IF(AND(ISNUMBER(K12),ISNUMBER(AF12)),K12-AF12,"") -> 80.370447 | AH12: =IF(AND(ToneEnabled,ISNUMBER(E12),ISNUMBER(TonePin)),TonePin+E12,"") -> -10 | AI12: =IF(AND(ToneEnabled,ISNUMBER(E12),ISNUMBER(N12),ISNUMBER(TonePin)),3*TonePin+E12-2*N12,"") -> -83.9794 | AJ12: =IF(X12=1,Q12,"") | AK12: =IF(NOT(器件参数!B12),"旁路",IF(NOT(ISNUMBER(AC12)),"频率未知",IF(AC12<=SignalBW/2,"跨零频",IF(AND(ISNUMBER(器件参数!R12),ISNUMBER(器件参数!S12)),IF(AND(AB12-SignalBW/2>=器件参数!R12,AB12+SignalBW/2<=器件参数!S12),"有效","超声明通带"),"未声明通带")))) -> 旁路 | AL12: =IFERROR(IF(AND(X12=1,ISNUMBER(D12)),10^(Q12*(D12-P12)/10),0),"数值域错误") -> 0 | AM12: =IF(AND(器件参数!B12,ISNUMBER(器件参数!X12),OR(AND(ISNUMBER(J12),J12>器件参数!X12),IF(AND(ToneEnabled,ISNUMBER(TonePin),ISNUMBER(D12)),TonePin+10*LOG10(2)+D12>器件参数!X12,FALSE))),"超过绝对最大输入额定值","") | AN12: =IF(NOT(ISNUMBER(AN11)),"",IF(OR(NOT(器件参数!B12),器件参数!E12<>"mixer"),AN11,IF(AND(ISNUMBER(器件参数!T12),器件参数!T12>0),IF(器件参数!U12="sum",AN11+器件参数!T12,ABS(AN11-器件参数!T12)),""))) -> 99950000 | AO12: =IF(NOT(ISNUMBER(AO11)),"",IF(OR(NOT(器件参数!B12),器件参数!E12<>"mixer"),AO11,IF(AND(ISNUMBER(器件参数!T12),器件参数!T12>0),IF(器件参数!U12="sum",AO11+器件参数!T12,ABS(AO11-器件参数!T12)),""))) -> 100050000 | AP12: =IF(NOT(ISNUMBER(AP11)),"",IF(OR(NOT(器件参数!B12),器件参数!E12<>"mixer"),AP11,IF(AND(ISNUMBER(器件参数!T12),器件参数!T12>0),IF(器件参数!U12="sum",AP11+器件参数!T12,ABS(AP11-器件参数!T12)),""))) -> 99850000 | AQ12: =IF(NOT(ISNUMBER(AQ11)),"",IF(OR(NOT(器件参数!B12),器件参数!E12<>"mixer"),AQ11,IF(AND(ISNUMBER(器件参数!T12),器件参数!T12>0),IF(器件参数!U12="sum",AQ11+器件参数!T12,ABS(AQ11-器件参数!T12)),""))) -> 100150000 | AR12: =IF(NOT(AR11),FALSE,IF(NOT(器件参数!B12),TRUE,AND(COUNT(AN12:AQ12)=4,MIN(AN12:AQ12)>0,IF(AND(ISNUMBER(器件参数!R12),ISNUMBER(器件参数!S12)),AND(MIN(AN11:AQ11)>=器件参数!R12,MAX(AN11:AQ11)<=器件参数!S12),TRUE),IF(AND(器件参数!E12="mixer",器件参数!U12="difference"),OR(器件参数!T12<MIN(AN11:AQ11),器件参数!T12>MAX(AN11:AQ11)),TRUE)))) -> TRUE
A13: =器件参数!A13 -> 10 | B13: =器件参数!D13 | C13: =IF(NOT(器件参数!B13),0,IF(AND(ISNUMBER(器件参数!F13),ABS(器件参数!F13)<=300),器件参数!F13,"")) -> 0 | D13: =IF(ISNUMBER(E12),E12,"") -> 20 | E13: =IF(AND(ISNUMBER(C13),ISNUMBER(D13)),C13+D13,"") -> 20 | F13: =IFERROR(IF(AND(ISNUMBER(D13)),10^(D13/10),""),"数值域错误") -> 100 | G13: =IFERROR(IF(NOT(器件参数!B13),1,IF(NOT(OR(器件参数!E13<>"mixer",AND(OR(器件参数!V13="SSB",器件参数!V13="DSB"),器件参数!W13=TRUE))),"",IF(器件参数!G13="ideal",1,IF(AND(器件参数!G13="manual",ISNUMBER(器件参数!H13),器件参数!H13>=0),10^(器件参数!H13/10),IF(AND(器件参数!G13="passive_thermal",OR(器件参数!E13="filter_bpf",器件参数!E13="filter_lpf",器件参数!E13="filter_hpf",器件参数!E13="filter_bsf",器件参数!E13="attenuator",器件参数!E13="cable",器件参数!E13="connector",器件参数!E13="switch",器件参数!E13="isolator",器件参数!E13="coupler",器件参数!E13="splitter"),AND(ISNUMBER(器件参数!F13),ABS(器件参数!F13)<=300),器件参数!F13<=0,ISNUMBER(器件参数!I13),器件参数!I13>0),1+(10^(-器件参数!F13/10)-1)*器件参数!I13/Tref_K,""))))),"数值域错误") -> 1 | H13: =IFERROR(IF(AND(ISNUMBER(H12),ISNUMBER(G13),ISNUMBER(F13)),H12+(G13-1)/F13,""),"数值域错误") -> 2.2933695 | I13: =IF(AND(ISNUMBER(H13)),10*LOG10(H13),"") -> 3.6047403 | J13: =IF(AND(ISNUMBER(Pin_dBm),ISNUMBER(D13)),Pin_dBm+D13,"") -> -10 | K13: =IF(AND(ISNUMBER(Pin_dBm),ISNUMBER(E13)),Pin_dBm+E13,"") -> -10 | L13: =IF(AND(器件参数!J13="finite",ISNUMBER(器件参数!L13),ISNUMBER(C13)),IF(器件参数!K13="input",器件参数!L13,IF(器件参数!K13="output",器件参数!L13-C13,"")),"") | M13: =IFERROR(IF(NOT(ISNUMBER(M12)),"",IF(OR(NOT(器件参数!B13),器件参数!J13="ideal"),M12,IF(AND(ISNUMBER(L13),ISNUMBER(F13)),M12+F13/10^(L13/10),""))),"数值域错误") -> 0.2 | N13: =IF(AND(ISNUMBER(M13),M13>0),-10*LOG10(M13),"") -> 6.9897 | O13: =IF(AND(ISNUMBER(N13),ISNUMBER(E13)),N13+E13,"") -> 26.9897 | P13: =IF(AND(器件参数!M13="finite",ISNUMBER(器件参数!O13),ISNUMBER(C13)),IF(器件参数!N13="input",器件参数!O13,IF(器件参数!N13="actual_output",器件参数!O13-C13+1,IF(器件参数!N13="linear_output",器件参数!O13-C13,""))),"") | Q13: =IF(器件参数!P13="",IF(AND(ISNUMBER(DefaultP),DefaultP>=1,DefaultP<=10),DefaultP,""),IF(AND(ISNUMBER(器件参数!P13),器件参数!P13>=1,器件参数!P13<=10),器件参数!P13,"")) -> 2 | R13: =IF(ISNUMBER(U12),U12,"") -> -10.000014 | S13: =IF(AND(ISNUMBER(Q13),ISNUMBER(R13),ISNUMBER(P13)),LN(10^(Q13/10)-1)+Q13*(R13-P13)*LN(10)/10,"") | T13: =IF(X13=0,0,IF(AND(X13=1,ISNUMBER(S13)),10/(Q13*LN(10))*(MAX(S13,0)+LN(1+EXP(-ABS(S13)))),"")) -> 0 | U13: =IF(AND(ISNUMBER(R13),ISNUMBER(C13),ISNUMBER(T13)),R13+C13-T13,"") -> -10.000014 | V13: =IF(AND(ISNUMBER(Pin_dBm),ISNUMBER(E13),ISNUMBER(U13)),Pin_dBm+E13-U13,"") -> 1.3970829e-05 | W13: =IF(AND(器件参数!B13,X13=1,ISNUMBER(D13)),P13-D13,"") | X13: =IF(NOT(ISNUMBER(C13)),-1,IF(OR(NOT(器件参数!B13),器件参数!M13="ideal"),0,IF(AND(ISNUMBER(P13),ISNUMBER(Q13)),1,-1))) -> 0 | Y13: =IF(ISNUMBER(H13),"有效","未知／噪声参数或口径不完整") -> 有效 | Z13: =IF(NOT(ISNUMBER(M13)),"未知／IP3参数不完整",IF(M13=0,"理想／无有限值","有效")) -> 有效 | AA13: =IF(ISNUMBER(U13),"模型估算","未知／增益或压缩参数不完整") -> 模型估算 | AB13: =IF(ISNUMBER(AC12),AC12,"") -> 100000000 | AC13: =IF(NOT(ISNUMBER(AB13)),"",IF(OR(NOT(器件参数!B13),器件参数!E13<>"mixer"),AB13,IF(AND(ISNUMBER(器件参数!T13),器件参数!T13>0),IF(器件参数!U13="sum",AB13+器件参数!T13,IF(器件参数!U13="difference",ABS(AB13-器件参数!T13),"")),""))) -> 100000000 | AD13: =IF(AND(ISNUMBER(G13)),10*LOG10(G13),"") -> 0 | AE13: =IF(AND(ISNUMBER(G13),ISNUMBER(F13)),Tref_K*(G13-1)/F13,"") -> 0 | AF13: =IF(AND(ISNUMBER(H13),ISNUMBER(E13),NoiseConfigOK),10*LOG10(Boltzmann*Bnoise_Hz*(Tsource_K+Tref_K*(H13-1)))+30+E13,"") -> -90.370447 | AG13: =IF(AND(ISNUMBER(K13),ISNUMBER(AF13)),K13-AF13,"") -> 80.370447 | AH13: =IF(AND(ToneEnabled,ISNUMBER(E13),ISNUMBER(TonePin)),TonePin+E13,"") -> -10 | AI13: =IF(AND(ToneEnabled,ISNUMBER(E13),ISNUMBER(N13),ISNUMBER(TonePin)),3*TonePin+E13-2*N13,"") -> -83.9794 | AJ13: =IF(X13=1,Q13,"") | AK13: =IF(NOT(器件参数!B13),"旁路",IF(NOT(ISNUMBER(AC13)),"频率未知",IF(AC13<=SignalBW/2,"跨零频",IF(AND(ISNUMBER(器件参数!R13),ISNUMBER(器件参数!S13)),IF(AND(AB13-SignalBW/2>=器件参数!R13,AB13+SignalBW/2<=器件参数!S13),"有效","超声明通带"),"未声明通带")))) -> 旁路 | AL13: =IFERROR(IF(AND(X13=1,ISNUMBER(D13)),10^(Q13*(D13-P13)/10),0),"数值域错误") -> 0 | AM13: =IF(AND(器件参数!B13,ISNUMBER(器件参数!X13),OR(AND(ISNUMBER(J13),J13>器件参数!X13),IF(AND(ToneEnabled,ISNUMBER(TonePin),ISNUMBER(D13)),TonePin+10*LOG10(2)+D13>器件参数!X13,FALSE))),"超过绝对最大输入额定值","") | AN13: =IF(NOT(ISNUMBER(AN12)),"",IF(OR(NOT(器件参数!B13),器件参数!E13<>"mixer"),AN12,IF(AND(ISNUMBER(器件参数!T13),器件参数!T13>0),IF(器件参数!U13="sum",AN12+器件参数!T13,ABS(AN12-器件参数!T13)),""))) -> 99950000 | AO13: =IF(NOT(ISNUMBER(AO12)),"",IF(OR(NOT(器件参数!B13),器件参数!E13<>"mixer"),AO12,IF(AND(ISNUMBER(器件参数!T13),器件参数!T13>0),IF(器件参数!U13="sum",AO12+器件参数!T13,ABS(AO12-器件参数!T13)),""))) -> 100050000 | AP13: =IF(NOT(ISNUMBER(AP12)),"",IF(OR(NOT(器件参数!B13),器件参数!E13<>"mixer"),AP12,IF(AND(ISNUMBER(器件参数!T13),器件参数!T13>0),IF(器件参数!U13="sum",AP12+器件参数!T13,ABS(AP12-器件参数!T13)),""))) -> 99850000 | AQ13: =IF(NOT(ISNUMBER(AQ12)),"",IF(OR(NOT(器件参数!B13),器件参数!E13<>"mixer"),AQ12,IF(AND(ISNUMBER(器件参数!T13),器件参数!T13>0),IF(器件参数!U13="sum",AQ12+器件参数!T13,ABS(AQ12-器件参数!T13)),""))) -> 100150000 | AR13: =IF(NOT(AR12),FALSE,IF(NOT(器件参数!B13),TRUE,AND(COUNT(AN13:AQ13)=4,MIN(AN13:AQ13)>0,IF(AND(ISNUMBER(器件参数!R13),ISNUMBER(器件参数!S13)),AND(MIN(AN12:AQ12)>=器件参数!R13,MAX(AN12:AQ12)<=器件参数!S13),TRUE),IF(AND(器件参数!E13="mixer",器件参数!U13="difference"),OR(器件参数!T13<MIN(AN12:AQ12),器件参数!T13>MAX(AN12:AQ12)),TRUE)))) -> TRUE
A14: =器件参数!A14 -> 11 | B14: =器件参数!D14 | C14: =IF(NOT(器件参数!B14),0,IF(AND(ISNUMBER(器件参数!F14),ABS(器件参数!F14)<=300),器件参数!F14,"")) -> 0 | D14: =IF(ISNUMBER(E13),E13,"") -> 20 | E14: =IF(AND(ISNUMBER(C14),ISNUMBER(D14)),C14+D14,"") -> 20 | F14: =IFERROR(IF(AND(ISNUMBER(D14)),10^(D14/10),""),"数值域错误") -> 100 | G14: =IFERROR(IF(NOT(器件参数!B14),1,IF(NOT(OR(器件参数!E14<>"mixer",AND(OR(器件参数!V14="SSB",器件参数!V14="DSB"),器件参数!W14=TRUE))),"",IF(器件参数!G14="ideal",1,IF(AND(器件参数!G14="manual",ISNUMBER(器件参数!H14),器件参数!H14>=0),10^(器件参数!H14/10),IF(AND(器件参数!G14="passive_thermal",OR(器件参数!E14="filter_bpf",器件参数!E14="filter_lpf",器件参数!E14="filter_hpf",器件参数!E14="filter_bsf",器件参数!E14="attenuator",器件参数!E14="cable",器件参数!E14="connector",器件参数!E14="switch",器件参数!E14="isolator",器件参数!E14="coupler",器件参数!E14="splitter"),AND(ISNUMBER(器件参数!F14),ABS(器件参数!F14)<=300),器件参数!F14<=0,ISNUMBER(器件参数!I14),器件参数!I14>0),1+(10^(-器件参数!F14/10)-1)*器件参数!I14/Tref_K,""))))),"数值域错误") -> 1 | H14: =IFERROR(IF(AND(ISNUMBER(H13),ISNUMBER(G14),ISNUMBER(F14)),H13+(G14-1)/F14,""),"数值域错误") -> 2.2933695 | I14: =IF(AND(ISNUMBER(H14)),10*LOG10(H14),"") -> 3.6047403 | J14: =IF(AND(ISNUMBER(Pin_dBm),ISNUMBER(D14)),Pin_dBm+D14,"") -> -10 | K14: =IF(AND(ISNUMBER(Pin_dBm),ISNUMBER(E14)),Pin_dBm+E14,"") -> -10 | L14: =IF(AND(器件参数!J14="finite",ISNUMBER(器件参数!L14),ISNUMBER(C14)),IF(器件参数!K14="input",器件参数!L14,IF(器件参数!K14="output",器件参数!L14-C14,"")),"") | M14: =IFERROR(IF(NOT(ISNUMBER(M13)),"",IF(OR(NOT(器件参数!B14),器件参数!J14="ideal"),M13,IF(AND(ISNUMBER(L14),ISNUMBER(F14)),M13+F14/10^(L14/10),""))),"数值域错误") -> 0.2 | N14: =IF(AND(ISNUMBER(M14),M14>0),-10*LOG10(M14),"") -> 6.9897 | O14: =IF(AND(ISNUMBER(N14),ISNUMBER(E14)),N14+E14,"") -> 26.9897 | P14: =IF(AND(器件参数!M14="finite",ISNUMBER(器件参数!O14),ISNUMBER(C14)),IF(器件参数!N14="input",器件参数!O14,IF(器件参数!N14="actual_output",器件参数!O14-C14+1,IF(器件参数!N14="linear_output",器件参数!O14-C14,""))),"") | Q14: =IF(器件参数!P14="",IF(AND(ISNUMBER(DefaultP),DefaultP>=1,DefaultP<=10),DefaultP,""),IF(AND(ISNUMBER(器件参数!P14),器件参数!P14>=1,器件参数!P14<=10),器件参数!P14,"")) -> 2 | R14: =IF(ISNUMBER(U13),U13,"") -> -10.000014 | S14: =IF(AND(ISNUMBER(Q14),ISNUMBER(R14),ISNUMBER(P14)),LN(10^(Q14/10)-1)+Q14*(R14-P14)*LN(10)/10,"") | T14: =IF(X14=0,0,IF(AND(X14=1,ISNUMBER(S14)),10/(Q14*LN(10))*(MAX(S14,0)+LN(1+EXP(-ABS(S14)))),"")) -> 0 | U14: =IF(AND(ISNUMBER(R14),ISNUMBER(C14),ISNUMBER(T14)),R14+C14-T14,"") -> -10.000014 | V14: =IF(AND(ISNUMBER(Pin_dBm),ISNUMBER(E14),ISNUMBER(U14)),Pin_dBm+E14-U14,"") -> 1.3970829e-05 | W14: =IF(AND(器件参数!B14,X14=1,ISNUMBER(D14)),P14-D14,"") | X14: =IF(NOT(ISNUMBER(C14)),-1,IF(OR(NOT(器件参数!B14),器件参数!M14="ideal"),0,IF(AND(ISNUMBER(P14),ISNUMBER(Q14)),1,-1))) -> 0 | Y14: =IF(ISNUMBER(H14),"有效","未知／噪声参数或口径不完整") -> 有效 | Z14: =IF(NOT(ISNUMBER(M14)),"未知／IP3参数不完整",IF(M14=0,"理想／无有限值","有效")) -> 有效 | AA14: =IF(ISNUMBER(U14),"模型估算","未知／增益或压缩参数不完整") -> 模型估算 | AB14: =IF(ISNUMBER(AC13),AC13,"") -> 100000000 | AC14: =IF(NOT(ISNUMBER(AB14)),"",IF(OR(NOT(器件参数!B14),器件参数!E14<>"mixer"),AB14,IF(AND(ISNUMBER(器件参数!T14),器件参数!T14>0),IF(器件参数!U14="sum",AB14+器件参数!T14,IF(器件参数!U14="difference",ABS(AB14-器件参数!T14),"")),""))) -> 100000000 | AD14: =IF(AND(ISNUMBER(G14)),10*LOG10(G14),"") -> 0 | AE14: =IF(AND(ISNUMBER(G14),ISNUMBER(F14)),Tref_K*(G14-1)/F14,"") -> 0 | AF14: =IF(AND(ISNUMBER(H14),ISNUMBER(E14),NoiseConfigOK),10*LOG10(Boltzmann*Bnoise_Hz*(Tsource_K+Tref_K*(H14-1)))+30+E14,"") -> -90.370447 | AG14: =IF(AND(ISNUMBER(K14),ISNUMBER(AF14)),K14-AF14,"") -> 80.370447 | AH14: =IF(AND(ToneEnabled,ISNUMBER(E14),ISNUMBER(TonePin)),TonePin+E14,"") -> -10 | AI14: =IF(AND(ToneEnabled,ISNUMBER(E14),ISNUMBER(N14),ISNUMBER(TonePin)),3*TonePin+E14-2*N14,"") -> -83.9794 | AJ14: =IF(X14=1,Q14,"") | AK14: =IF(NOT(器件参数!B14),"旁路",IF(NOT(ISNUMBER(AC14)),"频率未知",IF(AC14<=SignalBW/2,"跨零频",IF(AND(ISNUMBER(器件参数!R14),ISNUMBER(器件参数!S14)),IF(AND(AB14-SignalBW/2>=器件参数!R14,AB14+SignalBW/2<=器件参数!S14),"有效","超声明通带"),"未声明通带")))) -> 旁路 | AL14: =IFERROR(IF(AND(X14=1,ISNUMBER(D14)),10^(Q14*(D14-P14)/10),0),"数值域错误") -> 0 | AM14: =IF(AND(器件参数!B14,ISNUMBER(器件参数!X14),OR(AND(ISNUMBER(J14),J14>器件参数!X14),IF(AND(ToneEnabled,ISNUMBER(TonePin),ISNUMBER(D14)),TonePin+10*LOG10(2)+D14>器件参数!X14,FALSE))),"超过绝对最大输入额定值","") | AN14: =IF(NOT(ISNUMBER(AN13)),"",IF(OR(NOT(器件参数!B14),器件参数!E14<>"mixer"),AN13,IF(AND(ISNUMBER(器件参数!T14),器件参数!T14>0),IF(器件参数!U14="sum",AN13+器件参数!T14,ABS(AN13-器件参数!T14)),""))) -> 99950000 | AO14: =IF(NOT(ISNUMBER(AO13)),"",IF(OR(NOT(器件参数!B14),器件参数!E14<>"mixer"),AO13,IF(AND(ISNUMBER(器件参数!T14),器件参数!T14>0),IF(器件参数!U14="sum",AO13+器件参数!T14,ABS(AO13-器件参数!T14)),""))) -> 100050000 | AP14: =IF(NOT(ISNUMBER(AP13)),"",IF(OR(NOT(器件参数!B14),器件参数!E14<>"mixer"),AP13,IF(AND(ISNUMBER(器件参数!T14),器件参数!T14>0),IF(器件参数!U14="sum",AP13+器件参数!T14,ABS(AP13-器件参数!T14)),""))) -> 99850000 | AQ14: =IF(NOT(ISNUMBER(AQ13)),"",IF(OR(NOT(器件参数!B14),器件参数!E14<>"mixer"),AQ13,IF(AND(ISNUMBER(器件参数!T14),器件参数!T14>0),IF(器件参数!U14="sum",AQ13+器件参数!T14,ABS(AQ13-器件参数!T14)),""))) -> 100150000 | AR14: =IF(NOT(AR13),FALSE,IF(NOT(器件参数!B14),TRUE,AND(COUNT(AN14:AQ14)=4,MIN(AN14:AQ14)>0,IF(AND(ISNUMBER(器件参数!R14),ISNUMBER(器件参数!S14)),AND(MIN(AN13:AQ13)>=器件参数!R14,MAX(AN13:AQ13)<=器件参数!S14),TRUE),IF(AND(器件参数!E14="mixer",器件参数!U14="difference"),OR(器件参数!T14<MIN(AN13:AQ13),器件参数!T14>MAX(AN13:AQ13)),TRUE)))) -> TRUE
A15: =器件参数!A15 -> 12 | B15: =器件参数!D15 | C15: =IF(NOT(器件参数!B15),0,IF(AND(ISNUMBER(器件参数!F15),ABS(器件参数!F15)<=300),器件参数!F15,"")) -> 0 | D15: =IF(ISNUMBER(E14),E14,"") -> 20 | E15: =IF(AND(ISNUMBER(C15),ISNUMBER(D15)),C15+D15,"") -> 20 | F15: =IFERROR(IF(AND(ISNUMBER(D15)),10^(D15/10),""),"数值域错误") -> 100 | G15: =IFERROR(IF(NOT(器件参数!B15),1,IF(NOT(OR(器件参数!E15<>"mixer",AND(OR(器件参数!V15="SSB",器件参数!V15="DSB"),器件参数!W15=TRUE))),"",IF(器件参数!G15="ideal",1,IF(AND(器件参数!G15="manual",ISNUMBER(器件参数!H15),器件参数!H15>=0),10^(器件参数!H15/10),IF(AND(器件参数!G15="passive_thermal",OR(器件参数!E15="filter_bpf",器件参数!E15="filter_lpf",器件参数!E15="filter_hpf",器件参数!E15="filter_bsf",器件参数!E15="attenuator",器件参数!E15="cable",器件参数!E15="connector",器件参数!E15="switch",器件参数!E15="isolator",器件参数!E15="coupler",器件参数!E15="splitter"),AND(ISNUMBER(器件参数!F15),ABS(器件参数!F15)<=300),器件参数!F15<=0,ISNUMBER(器件参数!I15),器件参数!I15>0),1+(10^(-器件参数!F15/10)-1)*器件参数!I15/Tref_K,""))))),"数值域错误") -> 1 | H15: =IFERROR(IF(AND(ISNUMBER(H14),ISNUMBER(G15),ISNUMBER(F15)),H14+(G15-1)/F15,""),"数值域错误") -> 2.2933695 | I15: =IF(AND(ISNUMBER(H15)),10*LOG10(H15),"") -> 3.6047403 | J15: =IF(AND(ISNUMBER(Pin_dBm),ISNUMBER(D15)),Pin_dBm+D15,"") -> -10 | K15: =IF(AND(ISNUMBER(Pin_dBm),ISNUMBER(E15)),Pin_dBm+E15,"") -> -10 | L15: =IF(AND(器件参数!J15="finite",ISNUMBER(器件参数!L15),ISNUMBER(C15)),IF(器件参数!K15="input",器件参数!L15,IF(器件参数!K15="output",器件参数!L15-C15,"")),"") | M15: =IFERROR(IF(NOT(ISNUMBER(M14)),"",IF(OR(NOT(器件参数!B15),器件参数!J15="ideal"),M14,IF(AND(ISNUMBER(L15),ISNUMBER(F15)),M14+F15/10^(L15/10),""))),"数值域错误") -> 0.2 | N15: =IF(AND(ISNUMBER(M15),M15>0),-10*LOG10(M15),"") -> 6.9897 | O15: =IF(AND(ISNUMBER(N15),ISNUMBER(E15)),N15+E15,"") -> 26.9897 | P15: =IF(AND(器件参数!M15="finite",ISNUMBER(器件参数!O15),ISNUMBER(C15)),IF(器件参数!N15="input",器件参数!O15,IF(器件参数!N15="actual_output",器件参数!O15-C15+1,IF(器件参数!N15="linear_output",器件参数!O15-C15,""))),"") | Q15: =IF(器件参数!P15="",IF(AND(ISNUMBER(DefaultP),DefaultP>=1,DefaultP<=10),DefaultP,""),IF(AND(ISNUMBER(器件参数!P15),器件参数!P15>=1,器件参数!P15<=10),器件参数!P15,"")) -> 2 | R15: =IF(ISNUMBER(U14),U14,"") -> -10.000014 | S15: =IF(AND(ISNUMBER(Q15),ISNUMBER(R15),ISNUMBER(P15)),LN(10^(Q15/10)-1)+Q15*(R15-P15)*LN(10)/10,"") | T15: =IF(X15=0,0,IF(AND(X15=1,ISNUMBER(S15)),10/(Q15*LN(10))*(MAX(S15,0)+LN(1+EXP(-ABS(S15)))),"")) -> 0 | U15: =IF(AND(ISNUMBER(R15),ISNUMBER(C15),ISNUMBER(T15)),R15+C15-T15,"") -> -10.000014 | V15: =IF(AND(ISNUMBER(Pin_dBm),ISNUMBER(E15),ISNUMBER(U15)),Pin_dBm+E15-U15,"") -> 1.3970829e-05 | W15: =IF(AND(器件参数!B15,X15=1,ISNUMBER(D15)),P15-D15,"") | X15: =IF(NOT(ISNUMBER(C15)),-1,IF(OR(NOT(器件参数!B15),器件参数!M15="ideal"),0,IF(AND(ISNUMBER(P15),ISNUMBER(Q15)),1,-1))) -> 0 | Y15: =IF(ISNUMBER(H15),"有效","未知／噪声参数或口径不完整") -> 有效 | Z15: =IF(NOT(ISNUMBER(M15)),"未知／IP3参数不完整",IF(M15=0,"理想／无有限值","有效")) -> 有效 | AA15: =IF(ISNUMBER(U15),"模型估算","未知／增益或压缩参数不完整") -> 模型估算 | AB15: =IF(ISNUMBER(AC14),AC14,"") -> 100000000 | AC15: =IF(NOT(ISNUMBER(AB15)),"",IF(OR(NOT(器件参数!B15),器件参数!E15<>"mixer"),AB15,IF(AND(ISNUMBER(器件参数!T15),器件参数!T15>0),IF(器件参数!U15="sum",AB15+器件参数!T15,IF(器件参数!U15="difference",ABS(AB15-器件参数!T15),"")),""))) -> 100000000 | AD15: =IF(AND(ISNUMBER(G15)),10*LOG10(G15),"") -> 0 | AE15: =IF(AND(ISNUMBER(G15),ISNUMBER(F15)),Tref_K*(G15-1)/F15,"") -> 0 | AF15: =IF(AND(ISNUMBER(H15),ISNUMBER(E15),NoiseConfigOK),10*LOG10(Boltzmann*Bnoise_Hz*(Tsource_K+Tref_K*(H15-1)))+30+E15,"") -> -90.370447 | AG15: =IF(AND(ISNUMBER(K15),ISNUMBER(AF15)),K15-AF15,"") -> 80.370447 | AH15: =IF(AND(ToneEnabled,ISNUMBER(E15),ISNUMBER(TonePin)),TonePin+E15,"") -> -10 | AI15: =IF(AND(ToneEnabled,ISNUMBER(E15),ISNUMBER(N15),ISNUMBER(TonePin)),3*TonePin+E15-2*N15,"") -> -83.9794 | AJ15: =IF(X15=1,Q15,"") | AK15: =IF(NOT(器件参数!B15),"旁路",IF(NOT(ISNUMBER(AC15)),"频率未知",IF(AC15<=SignalBW/2,"跨零频",IF(AND(ISNUMBER(器件参数!R15),ISNUMBER(器件参数!S15)),IF(AND(AB15-SignalBW/2>=器件参数!R15,AB15+SignalBW/2<=器件参数!S15),"有效","超声明通带"),"未声明通带")))) -> 旁路 | AL15: =IFERROR(IF(AND(X15=1,ISNUMBER(D15)),10^(Q15*(D15-P15)/10),0),"数值域错误") -> 0 | AM15: =IF(AND(器件参数!B15,ISNUMBER(器件参数!X15),OR(AND(ISNUMBER(J15),J15>器件参数!X15),IF(AND(ToneEnabled,ISNUMBER(TonePin),ISNUMBER(D15)),TonePin+10*LOG10(2)+D15>器件参数!X15,FALSE))),"超过绝对最大输入额定值","") | AN15: =IF(NOT(ISNUMBER(AN14)),"",IF(OR(NOT(器件参数!B15),器件参数!E15<>"mixer"),AN14,IF(AND(ISNUMBER(器件参数!T15),器件参数!T15>0),IF(器件参数!U15="sum",AN14+器件参数!T15,ABS(AN14-器件参数!T15)),""))) -> 99950000 | AO15: =IF(NOT(ISNUMBER(AO14)),"",IF(OR(NOT(器件参数!B15),器件参数!E15<>"mixer"),AO14,IF(AND(ISNUMBER(器件参数!T15),器件参数!T15>0),IF(器件参数!U15="sum",AO14+器件参数!T15,ABS(AO14-器件参数!T15)),""))) -> 100050000 | AP15: =IF(NOT(ISNUMBER(AP14)),"",IF(OR(NOT(器件参数!B15),器件参数!E15<>"mixer"),AP14,IF(AND(ISNUMBER(器件参数!T15),器件参数!T15>0),IF(器件参数!U15="sum",AP14+器件参数!T15,ABS(AP14-器件参数!T15)),""))) -> 99850000 | AQ15: =IF(NOT(ISNUMBER(AQ14)),"",IF(OR(NOT(器件参数!B15),器件参数!E15<>"mixer"),AQ14,IF(AND(ISNUMBER(器件参数!T15),器件参数!T15>0),IF(器件参数!U15="sum",AQ14+器件参数!T15,ABS(AQ14-器件参数!T15)),""))) -> 100150000 | AR15: =IF(NOT(AR14),FALSE,IF(NOT(器件参数!B15),TRUE,AND(COUNT(AN15:AQ15)=4,MIN(AN15:AQ15)>0,IF(AND(ISNUMBER(器件参数!R15),ISNUMBER(器件参数!S15)),AND(MIN(AN14:AQ14)>=器件参数!R15,MAX(AN14:AQ14)<=器件参数!S15),TRUE),IF(AND(器件参数!E15="mixer",器件参数!U15="difference"),OR(器件参数!T15<MIN(AN14:AQ14),器件参数!T15>MAX(AN14:AQ14)),TRUE)))) -> TRUE
... A203: =器件参数!A203 -> 200 | B203: =器件参数!D203 | C203: =IF(NOT(器件参数!B203),0,IF(AND(ISNUMBER(器件参数!F203),ABS(器件参数!F203)<=300),器件参数!F203,"")) -> 0 | D203: =IF(ISNUMBER(E202),E202,"") -> 20 | E203: =IF(AND(ISNUMBER(C203),ISNUMBER(D203)),C203+D203,"") -> 20 | F203: =IFERROR(IF(AND(ISNUMBER(D203)),10^(D203/10),""),"数值域错误") -> 100 | G203: =IFERROR(IF(NOT(器件参数!B203),1,IF(NOT(OR(器件参数!E203<>"mixer",AND(OR(器件参数!V203="SSB",器件参数!V203="DSB"),器件参数!W203=TRUE))),"",IF(器件参数!G203="ideal",1,IF(AND(器件参数!G203="manual",ISNUMBER(器件参数!H203),器件参数!H203>=0),10^(器件参数!H203/10),IF(AND(器件参数!G203="passive_thermal",OR(器件参数!E203="filter_bpf",器件参数!E203="filter_lpf",器件参数!E203="filter_hpf",器件参数!E203="filter_bsf",器件参数!E203="attenuator",器件参数!E203="cable",器件参数!E203="connector",器件参数!E203="switch",器件参数!E203="isolator",器件参数!E203="coupler",器件参数!E203="splitter"),AND(ISNUMBER(器件参数!F203),ABS(器件参数!F203)<=300),器件参数!F203<=0,ISNUMBER(器件参数!I203),器件参数!I203>0),1+(10^(-器件参数!F203/10)-1)*器件参数!I203/Tref_K,""))))),"数值域错误") -> 1 | H203: =IFERROR(IF(AND(ISNUMBER(H202),ISNUMBER(G203),ISNUMBER(F203)),H202+(G203-1)/F203,""),"数值域错误") -> 2.2933695 | I203: =IF(AND(ISNUMBER(H203)),10*LOG10(H203),"") -> 3.6047403 | J203: =IF(AND(ISNUMBER(Pin_dBm),ISNUMBER(D203)),Pin_dBm+D203,"") -> -10 | K203: =IF(AND(ISNUMBER(Pin_dBm),ISNUMBER(E203)),Pin_dBm+E203,"") -> -10 | L203: =IF(AND(器件参数!J203="finite",ISNUMBER(器件参数!L203),ISNUMBER(C203)),IF(器件参数!K203="input",器件参数!L203,IF(器件参数!K203="output",器件参数!L203-C203,"")),"") | M203: =IFERROR(IF(NOT(ISNUMBER(M202)),"",IF(OR(NOT(器件参数!B203),器件参数!J203="ideal"),M202,IF(AND(ISNUMBER(L203),ISNUMBER(F203)),M202+F203/10^(L203/10),""))),"数值域错误") -> 0.2 | N203: =IF(AND(ISNUMBER(M203),M203>0),-10*LOG10(M203),"") -> 6.9897 | O203: =IF(AND(ISNUMBER(N203),ISNUMBER(E203)),N203+E203,"") -> 26.9897 | P203: =IF(AND(器件参数!M203="finite",ISNUMBER(器件参数!O203),ISNUMBER(C203)),IF(器件参数!N203="input",器件参数!O203,IF(器件参数!N203="actual_output",器件参数!O203-C203+1,IF(器件参数!N203="linear_output",器件参数!O203-C203,""))),"") | Q203: =IF(器件参数!P203="",IF(AND(ISNUMBER(DefaultP),DefaultP>=1,DefaultP<=10),DefaultP,""),IF(AND(ISNUMBER(器件参数!P203),器件参数!P203>=1,器件参数!P203<=10),器件参数!P203,"")) -> 2 | R203: =IF(ISNUMBER(U202),U202,"") -> -10.000014 | S203: =IF(AND(ISNUMBER(Q203),ISNUMBER(R203),ISNUMBER(P203)),LN(10^(Q203/10)-1)+Q203*(R203-P203)*LN(10)/10,"") | T203: =IF(X203=0,0,IF(AND(X203=1,ISNUMBER(S203)),10/(Q203*LN(10))*(MAX(S203,0)+LN(1+EXP(-ABS(S203)))),"")) -> 0 | U203: =IF(AND(ISNUMBER(R203),ISNUMBER(C203),ISNUMBER(T203)),R203+C203-T203,"") -> -10.000014 | V203: =IF(AND(ISNUMBER(Pin_dBm),ISNUMBER(E203),ISNUMBER(U203)),Pin_dBm+E203-U203,"") -> 1.3970829e-05 | W203: =IF(AND(器件参数!B203,X203=1,ISNUMBER(D203)),P203-D203,"") | X203: =IF(NOT(ISNUMBER(C203)),-1,IF(OR(NOT(器件参数!B203),器件参数!M203="ideal"),0,IF(AND(ISNUMBER(P203),ISNUMBER(Q203)),1,-1))) -> 0 | Y203: =IF(ISNUMBER(H203),"有效","未知／噪声参数或口径不完整") -> 有效 | Z203: =IF(NOT(ISNUMBER(M203)),"未知／IP3参数不完整",IF(M203=0,"理想／无有限值","有效")) -> 有效 | AA203: =IF(ISNUMBER(U203),"模型估算","未知／增益或压缩参数不完整") -> 模型估算 | AB203: =IF(ISNUMBER(AC202),AC202,"") -> 100000000 | AC203: =IF(NOT(ISNUMBER(AB203)),"",IF(OR(NOT(器件参数!B203),器件参数!E203<>"mixer"),AB203,IF(AND(ISNUMBER(器件参数!T203),器件参数!T203>0),IF(器件参数!U203="sum",AB203+器件参数!T203,IF(器件参数!U203="difference",ABS(AB203-器件参数!T203),"")),""))) -> 100000000 | AD203: =IF(AND(ISNUMBER(G203)),10*LOG10(G203),"") -> 0 | AE203: =IF(AND(ISNUMBER(G203),ISNUMBER(F203)),Tref_K*(G203-1)/F203,"") -> 0 | AF203: =IF(AND(ISNUMBER(H203),ISNUMBER(E203),NoiseConfigOK),10*LOG10(Boltzmann*Bnoise_Hz*(Tsource_K+Tref_K*(H203-1)))+30+E203,"") -> -90.370447 | AG203: =IF(AND(ISNUMBER(K203),ISNUMBER(AF203)),K203-AF203,"") -> 80.370447 | AH203: =IF(AND(ToneEnabled,ISNUMBER(E203),ISNUMBER(TonePin)),TonePin+E203,"") -> -10 | AI203: =IF(AND(ToneEnabled,ISNUMBER(E203),ISNUMBER(N203),ISNUMBER(TonePin)),3*TonePin+E203-2*N203,"") -> -83.9794 | AJ203: =IF(X203=1,Q203,"") | AK203: =IF(NOT(器件参数!B203),"旁路",IF(NOT(ISNUMBER(AC203)),"频率未知",IF(AC203<=SignalBW/2,"跨零频",IF(AND(ISNUMBER(器件参数!R203),ISNUMBER(器件参数!S203)),IF(AND(AB203-SignalBW/2>=器件参数!R203,AB203+SignalBW/2<=器件参数!S203),"有效","超声明通带"),"未声明通带")))) -> 旁路 | AL203: =IFERROR(IF(AND(X203=1,ISNUMBER(D203)),10^(Q203*(D203-P203)/10),0),"数值域错误") -> 0 | AM203: =IF(AND(器件参数!B203,ISNUMBER(器件参数!X203),OR(AND(ISNUMBER(J203),J203>器件参数!X203),IF(AND(ToneEnabled,ISNUMBER(TonePin),ISNUMBER(D203)),TonePin+10*LOG10(2)+D203>器件参数!X203,FALSE))),"超过绝对最大输入额定值","") | AN203: =IF(NOT(ISNUMBER(AN202)),"",IF(OR(NOT(器件参数!B203),器件参数!E203<>"mixer"),AN202,IF(AND(ISNUMBER(器件参数!T203),器件参数!T203>0),IF(器件参数!U203="sum",AN202+器件参数!T203,ABS(AN202-器件参数!T203)),""))) -> 99950000 | AO203: =IF(NOT(ISNUMBER(AO202)),"",IF(OR(NOT(器件参数!B203),器件参数!E203<>"mixer"),AO202,IF(AND(ISNUMBER(器件参数!T203),器件参数!T203>0),IF(器件参数!U203="sum",AO202+器件参数!T203,ABS(AO202-器件参数!T203)),""))) -> 100050000 | AP203: =IF(NOT(ISNUMBER(AP202)),"",IF(OR(NOT(器件参数!B203),器件参数!E203<>"mixer"),AP202,IF(AND(ISNUMBER(器件参数!T203),器件参数!T203>0),IF(器件参数!U203="sum",AP202+器件参数!T203,ABS(AP202-器件参数!T203)),""))) -> 99850000 | AQ203: =IF(NOT(ISNUMBER(AQ202)),"",IF(OR(NOT(器件参数!B203),器件参数!E203<>"mixer"),AQ202,IF(AND(ISNUMBER(器件参数!T203),器件参数!T203>0),IF(器件参数!U203="sum",AQ202+器件参数!T203,ABS(AQ202-器件参数!T203)),""))) -> 100150000 | AR203: =IF(NOT(AR202),FALSE,IF(NOT(器件参数!B203),TRUE,AND(COUNT(AN203:AQ203)=4,MIN(AN203:AQ203)>0,IF(AND(ISNUMBER(器件参数!R203),ISNUMBER(器件参数!S203)),AND(MIN(AN202:AQ202)>=器件参数!R203,MAX(AN202:AQ202)<=器件参数!S203),TRUE),IF(AND(器件参数!E203="mixer",器件参数!U203="difference"),OR(器件参数!T203<MIN(AN202:AQ202),器件参数!T203>MAX(AN202:AQ202)),TRUE)))) -> TRUE

Sheet 系统汇总
A1: 当前Excel公式结果｜P1与压缩为模型估算｜空值必须结合状态列阅读
A2: 指标 | B2: 当前值 | C2: 单位 | D2: 状态／条件 | E2: 内部键
A4: 总增益 | B4: =IF(ISNUMBER(逐级计算!E203),逐级计算!E203,"") -> 20 | C4: dB | D4: =IF(ISNUMBER(B4),"有效","未知／依赖不完整或数值域错误") -> 有效 | E4: gain_db
A5: 线性输出功率 | B5: =IF(ISNUMBER(逐级计算!K203),逐级计算!K203,"") -> -10 | C5: dBm | D5: =IF(ISNUMBER(B5),"有效","未知／依赖不完整或数值域错误") -> 有效 | E5: linear_output_dbm
A6: 级联噪声系数 | B6: =IF(ISNUMBER(逐级计算!I203),逐级计算!I203,"") -> 3.6047403 | C6: dB | D6: =IF(ISNUMBER(B6),"有效","未知／依赖不完整或数值域错误") -> 有效 | E6: nf_db
A7: 等效输入附加噪声温度 | B7: =IF(AND(ISNUMBER(逐级计算!H203)),Tref_K*(逐级计算!H203-1),"") -> 375.07715 | C7: K | D7: =IF(ISNUMBER(B7),"有效","未知／依赖不完整或数值域错误") -> 有效 | E7: te_k
A8: 输入参考噪声 | B8: =IF(AND(ISNUMBER(B9),ISNUMBER(B4)),B9-B4,"") -> -110.37045 | C8: dBm | D8: =IF(ISNUMBER(B8),"有效","未知／依赖不完整或数值域错误") -> 有效 | E8: noise_input_dbm
A9: 输出噪声 | B9: =IF(ISNUMBER(逐级计算!AF203),逐级计算!AF203,"") -> -90.370447 | C9: dBm | D9: =IF(ISNUMBER(B9),"有效","未知／依赖不完整或数值域错误") -> 有效 | E9: noise_output_dbm
A10: 线性输出信噪比 | B10: =IF(ISNUMBER(逐级计算!AG203),逐级计算!AG203,"") -> 80.370447 | C10: dB | D10: =IF(ISNUMBER(B10),"有效","未知／依赖不完整或数值域错误") -> 有效 | E10: snr_db
A11: 系统IIP3 | B11: =IF(ISNUMBER(逐级计算!N203),逐级计算!N203,"") -> 6.9897 | C11: dBm | D11: =逐级计算!Z203 -> 有效 | E11: iip3_dbm
A12: 系统OIP3 | B12: =IF(ISNUMBER(逐级计算!O203),逐级计算!O203,"") -> 26.9897 | C12: dBm | D12: =逐级计算!Z203 -> 有效 | E12: oip3_dbm
A13: 系统输入P1（模型估算） | B13: =IF(压缩求解!B4="已夹根",压缩求解!C87,"") -> -5.2069634 | C13: dBm | D13: =IF(压缩求解!B4="已夹根","模型估算",压缩求解!B4) -> 模型估算 | E13: ip1_dbm
A14: 系统实际输出P1（模型估算） | B14: =IF(AND(ISNUMBER(B13),ISNUMBER(B4)),B13+B4-1,"") -> 13.793037 | C14: dBm | D14: =IF(压缩求解!B4="已夹根","模型估算",压缩求解!B4) -> 模型估算 | E14: op1_dbm
A15: 当前压缩输出（模型估算） | B15: =IF(ISNUMBER(逐级计算!U203),逐级计算!U203,"") -> -10.000014 | C15: dBm | D15: =IF(ISNUMBER(B15),"模型估算","未知／依赖不完整或数值域错误") -> 模型估算 | E15: compressed_output_dbm
A16: 当前总压缩（模型估算） | B16: =IF(ISNUMBER(逐级计算!V203),逐级计算!V203,"") -> 1.3970829e-05 | C16: dB | D16: =IF(ISNUMBER(B16),"模型估算","未知／依赖不完整或数值域错误") -> 模型估算 | E16: compression_db
A17: 输入灵敏度 | B17: =IF(AND(ISNUMBER(B8),ISNUMBER(RequiredSNR_dB),ISNUMBER(ImplLoss_dB)),B8+RequiredSNR_dB+ImplLoss_dB,"") -> -100.37045 | C17: dBm | D17: =IF(ISNUMBER(B17),"有效","未知／依赖不完整或数值域错误") -> 有效 | E17: sensitivity_dbm
A18: P1回退约束输入动态范围（估算） | B18: =IF(AND(ISNUMBER(B13),ISNUMBER(Backoff_dB),ISNUMBER(B17)),B13-Backoff_dB-B17,"") -> 92.163483 | C18: dB | D18: =IF(ISNUMBER(B18),"模型估算","未知／依赖不完整或数值域错误") -> 模型估算 | E18: compression_dr_db
A19: SFDR3（指定噪声带宽） | B19: =IF(AND(ISNUMBER(B11),ISNUMBER(B8)),2/3*(B11-B8),"") -> 78.240098 | C19: dB | D19: =IF(ISNUMBER(B19),"有效","未知／依赖不完整或数值域错误") -> 有效 | E19: sfdr3_db
A20: SFDR3（1 Hz归一化） | B20: =IF(AND(ISNUMBER(B19)),B19+20/3*LOG10(Bnoise_Hz),"") -> 118.2401 | C20: dB·Hz^(2/3) | D20: =IF(ISNUMBER(B20),"有效","未知／依赖不完整或数值域错误") -> 有效 | E20: sfdr3_normalized
A21: IM3等于噪声的每音输入上限 | B21: =IF(AND(ISNUMBER(B8),ISNUMBER(B11)),(B8+2*B11)/3,"") -> -32.130349 | C21: dBm | D21: =IF(ISNUMBER(B21),"有效","未知／依赖不完整或数值域错误") -> 有效 | E21: tone_limit_dbm
A22: 满足指定SNR的双音可用跨度 | B22: =IF(AND(ISNUMBER(B21),ISNUMBER(B17)),B21-B17,"") -> 68.240098 | C22: dB | D22: =IF(ISNUMBER(B22),"有效","未知／依赖不完整或数值域错误") -> 有效 | E22: tone_span_db
A23: 双音每音输入 | B23: =IF(AND(ToneEnabled,ISNUMBER(TonePin)),TonePin,"") -> -30 | C23: dBm | D23: =IF(ISNUMBER(B23),"有效","未知／依赖不完整或数值域错误") -> 有效 | E23: tone_input_dbm
A24: 双音总平均输入 | B24: =IF(AND(ToneEnabled,ISNUMBER(TonePin)),TonePin+10*LOG10(2),"") -> -26.9897 | C24: dBm | D24: =IF(ISNUMBER(B24),"有效","未知／依赖不完整或数值域错误") -> 有效 | E24: tone_total_dbm
A25: 每音线性输出 | B25: =IF(ISNUMBER(逐级计算!AH203),逐级计算!AH203,"") -> -10 | C25: dBm | D25: =IF(ISNUMBER(B25),"有效","未知／依赖不完整或数值域错误") -> 有效 | E25: tone_output_dbm
A26: 每个IM3分量输出 | B26: =IF(AND(ToneEnabled,ISNUMBER(TonePin),逐级计算!AR203,ISNUMBER(B11),ISNUMBER(B4),IF(ISNUMBER(B13),IF(AND(ToneEnabled,ISNUMBER(TonePin)),TonePin+10*LOG10(2)<B13-Backoff_dB,TRUE),TRUE)),3*TonePin+B4-2*B11,"") -> -83.9794 | C26: dBm | D26: =IF(NOT(ToneEnabled),"未启用",IF(ISNUMBER(B26),IF(压缩求解!B2="未知","弱非线性外推；压缩有效区未核实","弱非线性外推"),"不适用／通带、压缩或IP3条件不满足")) -> 弱非线性外推 | E26: im3_dbm
A27: IM3相对每音基波 | B27: =IF(AND(ToneEnabled,ISNUMBER(TonePin),逐级计算!AR203,ISNUMBER(B11),ISNUMBER(B4),IF(ISNUMBER(B13),IF(AND(ToneEnabled,ISNUMBER(TonePin)),TonePin+10*LOG10(2)<B13-Backoff_dB,TRUE),TRUE)),-2*(B11-TonePin),"") -> -73.9794 | C27: dBc | D27: =IF(NOT(ToneEnabled),"未启用",IF(ISNUMBER(B27),IF(压缩求解!B2="未知","弱非线性外推；压缩有效区未核实","弱非线性外推"),"不适用／通带、压缩或IP3条件不满足")) -> 弱非线性外推 | E27: im3_dbc
A28: 输出中心频率 | B28: =IF(ISNUMBER(逐级计算!AC203),逐级计算!AC203,"") -> 100000000 | C28: Hz | D28: =IF(ISNUMBER(B28),"有效","未知／依赖不完整或数值域错误") -> 有效 | E28: frequency_output_hz
A36: 负动态范围／额定告警 | B36: =IF(OR(B18<0,B19<0,COUNTIF(逐级计算!AM4:AM203,"超过绝对最大输入额定值")>0),"检查动态范围与额定值","")

Sheet 压缩求解
A1: 系统1 dB压缩：区间检查＋80次无宏二分；全部理想／缺参数分别标记
A2: 完整模型状态 | B2: =IF(COUNTIF(逐级计算!X4:X203,-1)>0,"未知",IF(COUNTIF(逐级计算!X4:X203,1)=0,"理想","可求解")) -> 可求解
A3: 同p闭式对照 | B3: =IF(AND(B2="可求解",MIN(逐级计算!AJ4:AJ203)=MAX(逐级计算!AJ4:AJ203),SUM(逐级计算!AL4:AL203)>0),-10/MIN(逐级计算!AJ4:AJ203)*LOG10(SUM(逐级计算!AL4:AL203)),"") -> -5.2069634
A4: 夹根状态 | B4: =IF(B2<>"可求解",B2,IF(AND(ISNUMBER(D6),ISNUMBER(D7),D6<1,D7>1),"已夹根","未夹根／数值域错误")) -> 已夹根
A5: 步骤 | B5: 下界 | C5: 试探输入dBm | D5: 总压缩dB | E5: 第1级输出 | F5: 第2级输出 | G5: 第3级输出 | H5: 第4级输出 | I5: 第5级输出 | J5: 第6级输出 | K5: 第7级输出 | L5: 第8级输出 | M5: 第9级输出 | N5: 第10级输出 | O5: 第11级输出 | P5: 第12级输出 | Q5: 第13级输出 | R5: 第14级输出 | S5: 第15级输出 | T5: 第16级输出 | U5: 第17级输出 | V5: 第18级输出 | W5: 第19级输出 | X5: 第20级输出 | Y5: 第21级输出 | Z5: 第22级输出 | AA5: 第23级输出 | AB5: 第24级输出 | AC5: 第25级输出 | AD5: 第26级输出 | AE5: 第27级输出 | AF5: 第28级输出 | AG5: 第29级输出 | AH5: 第30级输出 | AI5: 第31级输出 | AJ5: 第32级输出 | AK5: 第33级输出 | AL5: 第34级输出 | AM5: 第35级输出 | AN5: 第36级输出 | AO5: 第37级输出 | AP5: 第38级输出 | AQ5: 第39级输出 | AR5: 第40级输出 | AS5: 第41级输出 | AT5: 第42级输出 | AU5: 第43级输出 | AV5: 第44级输出 | AW5: 第45级输出 | AX5: 第46级输出 | AY5: 第47级输出 | AZ5: 第48级输出 | BA5: 第49级输出 | BB5: 第50级输出 | BC5: 第51级输出 | BD5: 第52级输出 | BE5: 第53级输出 | BF5: 第54级输出 | BG5: 第55级输出 | BH5: 第56级输出 | BI5: 第57级输出 | BJ5: 第58级输出 | BK5: 第59级输出 | BL5: 第60级输出 | BM5: 第61级输出 | BN5: 第62级输出 | BO5: 第63级输出 | BP5: 第64级输出 | BQ5: 第65级输出 | BR5: 第66级输出 | BS5: 第67级输出 | BT5: 第68级输出 | BU5: 第69级输出 | BV5: 第70级输出 | BW5: 第71级输出 | BX5: 第72级输出 | BY5: 第73级输出 | BZ5: 第74级输出 | CA5: 第75级输出 | CB5: 第76级输出 | CC5: 第77级输出 | CD5: 第78级输出 | CE5: 第79级输出 | CF5: 第80级输出 | CG5: 第81级输出 | CH5: 第82级输出 | CI5: 第83级输出 | CJ5: 第84级输出 | CK5: 第85级输出 | CL5: 第86级输出 | CM5: 第87级输出 | CN5: 第88级输出 | CO5: 第89级输出 | CP5: 第90级输出 | CQ5: 第91级输出 | CR5: 第92级输出 | CS5: 第93级输出 | CT5: 第94级输出 | CU5: 第95级输出 | CV5: 第96级输出 | CW5: 第97级输出 | CX5: 第98级输出 | CY5: 第99级输出 | CZ5: 第100级输出 | DA5: 第101级输出 | DB5: 第102级输出 | DC5: 第103级输出 | DD5: 第104级输出 | DE5: 第105级输出 | DF5: 第106级输出 | DG5: 第107级输出 | DH5: 第108级输出 | DI5: 第109级输出 | DJ5: 第110级输出 | DK5: 第111级输出 | DL5: 第112级输出 | DM5: 第113级输出 | DN5: 第114级输出 | DO5: 第115级输出 | DP5: 第116级输出 | DQ5: 第117级输出 | DR5: 第118级输出 | DS5: 第119级输出 | DT5: 第120级输出 | DU5: 第121级输出 | DV5: 第122级输出 | DW5: 第123级输出 | DX5: 第124级输出 | DY5: 第125级输出 | DZ5: 第126级输出 | EA5: 第127级输出 | EB5: 第128级输出 | EC5: 第129级输出 | ED5: 第130级输出 | EE5: 第131级输出 | EF5: 第132级输出 | EG5: 第133级输出 | EH5: 第134级输出 | EI5: 第135级输出 | EJ5: 第136级输出 | EK5: 第137级输出 | EL5: 第138级输出 | EM5: 第139级输出 | EN5: 第140级输出 | EO5: 第141级输出 | EP5: 第142级输出 | EQ5: 第143级输出 | ER5: 第144级输出 | ES5: 第145级输出 | ET5: 第146级输出 | EU5: 第147级输出 | EV5: 第148级输出 | EW5: 第149级输出 | EX5: 第150级输出 | EY5: 第151级输出 | EZ5: 第152级输出 | FA5: 第153级输出 | FB5: 第154级输出 | FC5: 第155级输出 | FD5: 第156级输出 | FE5: 第157级输出 | FF5: 第158级输出 | FG5: 第159级输出 | FH5: 第160级输出 | FI5: 第161级输出 | FJ5: 第162级输出 | FK5: 第163级输出 | FL5: 第164级输出 | FM5: 第165级输出 | FN5: 第166级输出 | FO5: 第167级输出 | FP5: 第168级输出 | FQ5: 第169级输出 | FR5: 第170级输出 | FS5: 第171级输出 | FT5: 第172级输出 | FU5: 第173级输出 | FV5: 第174级输出 | FW5: 第175级输出 | FX5: 第176级输出 | FY5: 第177级输出 | FZ5: 第178级输出 | GA5: 第179级输出 | GB5: 第180级输出 | GC5: 第181级输出 | GD5: 第182级输出 | GE5: 第183级输出 | GF5: 第184级输出 | GG5: 第185级输出 | GH5: 第186级输出 | GI5: 第187级输出 | GJ5: 第188级输出 | GK5: 第189级输出 | GL5: 第190级输出 | GM5: 第191级输出 | GN5: 第192级输出 | GO5: 第193级输出 | GP5: 第194级输出 | GQ5: 第195级输出 | GR5: 第196级输出 | GS5: 第197级输出 | GT5: 第198级输出 | GU5: 第199级输出 | GV5: 第200级输出 | GW5: 上界
A6: 下界验证 | B6: =IF($B$2="可求解",MIN(逐级计算!W4:W203)-80,"") -> -85 | C6: =IF(ISNUMBER(B6),B6,"") -> -85 | D6: =IF(AND(ISNUMBER(C6),ISNUMBER(逐级计算!$E$203),ISNUMBER(GV6)),C6+逐级计算!$E$203-GV6,"") -> 0 | E6: =IF(AND(ISNUMBER(C6),逐级计算!$X$4>-1),IF(逐级计算!$X$4=0,C6+逐级计算!$C$4,C6+逐级计算!$C$4-(10/(逐级计算!$Q$4*LN(10))*(MAX((LN(10^(逐级计算!$Q$4/10)-1)+逐级计算!$Q$4*(C6-逐级计算!$P$4)*LN(10)/10),0)+LN(1+EXP(-ABS((LN(10^(逐级计算!$Q$4/10)-1)+逐级计算!$Q$4*(C6-逐级计算!$P$4)*LN(10)/10))))))),"") -> -75 | F6: =IF(AND(ISNUMBER(E6),逐级计算!$X$5>-1),IF(逐级计算!$X$5=0,E6+逐级计算!$C$5,E6+逐级计算!$C$5-(10/(逐级计算!$Q$5*LN(10))*(MAX((LN(10^(逐级计算!$Q$5/10)-1)+逐级计算!$Q$5*(E6-逐级计算!$P$5)*LN(10)/10),0)+LN(1+EXP(-ABS((LN(10^(逐级计算!$Q$5/10)-1)+逐级计算!$Q$5*(E6-逐级计算!$P$5)*LN(10)/10))))))),"") -> -65 | G6: =IF(AND(ISNUMBER(F6),逐级计算!$X$6>-1),IF(逐级计算!$X$6=0,F6+逐级计算!$C$6,F6+逐级计算!$C$6-(10/(逐级计算!$Q$6*LN(10))*(MAX((LN(10^(逐级计算!$Q$6/10)-1)+逐级计算!$Q$6*(F6-逐级计算!$P$6)*LN(10)/10),0)+LN(1+EXP(-ABS((LN(10^(逐级计算!$Q$6/10)-1)+逐级计算!$Q$6*(F6-逐级计算!$P$6)*LN(10)/10))))))),"") -> -65 | H6: =IF(AND(ISNUMBER(G6),逐级计算!$X$7>-1),IF(逐级计算!$X$7=0,G6+逐级计算!$C$7,G6+逐级计算!$C$7-(10/(逐级计算!$Q$7*LN(10))*(MAX((LN(10^(逐级计算!$Q$7/10)-1)+逐级计算!$Q$7*(G6-逐级计算!$P$7)*LN(10)/10),0)+LN(1+EXP(-ABS((LN(10^(逐级计算!$Q$7/10)-1)+逐级计算!$Q$7*(G6-逐级计算!$P$7)*LN(10)/10))))))),"") -> -65 | I6: =IF(AND(ISNUMBER(H6),逐级计算!$X$8>-1),IF(逐级计算!$X$8=0,H6+逐级计算!$C$8,H6+逐级计算!$C$8-(10/(逐级计算!$Q$8*LN(10))*(MAX((LN(10^(逐级计算!$Q$8/10)-1)+逐级计算!$Q$8*(H6-逐级计算!$P$8)*LN(10)/10),0)+LN(1+EXP(-ABS((LN(10^(逐级计算!$Q$8/10)-1)+逐级计算!$Q$8*(H6-逐级计算!$P$8)*LN(10)/10))))))),"") -> -65 | J6: =IF(AND(ISNUMBER(I6),逐级计算!$X$9>-1),IF(逐级计算!$X$9=0,I6+逐级计算!$C$9,I6+逐级计算!$C$9-(10/(逐级计算!$Q$9*LN(10))*(MAX((LN(10^(逐级计算!$Q$9/10)-1)+逐级计算!$Q$9*(I6-逐级计算!$P$9)*LN(10)/10),0)+LN(1+EXP(-ABS((LN(10^(逐级计算!$Q$9/10)-1)+逐级计算!$Q$9*(I6-逐级计算!$P$9)*LN(10)/10))))))),"") -> -65 | K6: =IF(AND(ISNUMBER(J6),逐级计算!$X$10>-1),IF(逐级计算!$X$10=0,J6+逐级计算!$C$10,J6+逐级计算!$C$10-(10/(逐级计算!$Q$10*LN(10))*(MAX((LN(10^(逐级计算!$Q$10/10)-1)+逐级计算!$Q$10*(J6-逐级计算!$P$10)*LN(10)/10),0)+LN(1+EXP(-ABS((LN(10^(逐级计算!$Q$10/10)-1)+逐级计算!$Q$10*(J6-逐级计算!$P$10)*LN(10)/10))))))),"") -> -65 | L6: =IF(AND(ISNUMBER(K6),逐级计算!$X$11>-1),IF(逐级计算!$X$11=0,K6+逐级计算!$C$11,K6+逐级计算!$C$11-(10/(逐级计算!$Q$11*LN(10))*(MAX((LN(10^(逐级计算!$Q$11/10)-1)+逐级计算!$Q$11*(K6-逐级计算!$P$11)*LN(10)/10),0)+LN(1+EXP(-ABS((LN(10^(逐级计算!$Q$11/10)-1)+逐级计算!$Q$11*(K6-逐级计算!$P$11)*LN(10)/10))))))),"") -> -65 | M6: =IF(AND(ISNUMBER(L6),逐级计算!$X$12>-1),IF(逐级计算!$X$12=0,L6+逐级计算!$C$12,L6+逐级计算!$C$12-(10/(逐级计算!$Q$12*LN(10))*(MAX((LN(10^(逐级计算!$Q$12/10)-1)+逐级计算!$Q$12*(L6-逐级计算!$P$12)*LN(10)/10),0)+LN(1+EXP(-ABS((LN(10^(逐级计算!$Q$12/10)-1)+逐级计算!$Q$12*(L6-逐级计算!$P$12)*LN(10)/10))))))),"") -> -65 | N6: =IF(AND(ISNUMBER(M6),逐级计算!$X$13>-1),IF(逐级计算!$X$13=0,M6+逐级计算!$C$13,M6+逐级计算!$C$13-(10/(逐级计算!$Q$13*LN(10))*(MAX((LN(10^(逐级计算!$Q$13/10)-1)+逐级计算!$Q$13*(M6-逐级计算!$P$13)*LN(10)/10),0)+LN(1+EXP(-ABS((LN(10^(逐级计算!$Q$13/10)-1)+逐级计算!$Q$13*(M6-逐级计算!$P$13)*LN(10)/10))))))),"") -> -65 | O6: =IF(AND(ISNUMBER(N6),逐级计算!$X$14>-1),IF(逐级计算!$X$14=0,N6+逐级计算!$C$14,N6+逐级计算!$C$14-(10/(逐级计算!$Q$14*LN(10))*(MAX((LN(10^(逐级计算!$Q$14/10)-1)+逐级计算!$Q$14*(N6-逐级计算!$P$14)*LN(10)/10),0)+LN(1+EXP(-ABS((LN(10^(逐级计算!$Q$14/10)-1)+逐级计算!$Q$14*(N6-逐级计算!$P$14)*LN(10)/10))))))),"") -> -65 | P6: =IF(AND(ISNUMBER(O6),逐级计算!$X$15>-1),IF(逐级计算!$X$15=0,O6+逐级计算!$C$15,O6+逐级计算!$C$15-(10/(逐级计算!$Q$15*LN(10))*(MAX((LN(10^(逐级计算!$Q$15/10)-1)+逐级计算!$Q$15*(O6-逐级计算!$P$15)*LN(10)/10),0)+LN(1+EXP(-ABS((LN(10^(逐级计算!$Q$15/10)-1)+逐级计算!$Q$15*(O6-逐级计算!$P$15)*LN(10)/10))))))),"") -> -65 | Q6: =IF(AND(ISNUMBER(P6),逐级计算!$X$16>-1),IF(逐级计算!$X$16=0,P6+逐级计算!$C$16,P6+逐级计算!$C$16-(10/(逐级计算!$Q$16*LN(10))*(MAX((LN(10^(逐级计算!$Q$16/10)-1)+逐级计算!$Q$16*(P6-逐级计算!$P$16)*LN(10)/10),0)+LN(1+EXP(-ABS((LN(10^(逐级计算!$Q$16/10)-1)+逐级计算!$Q$16*(P6-逐级计算!$P$16)*LN(10)/10))))))),"") -> -65 | R6: =IF(AND(ISNUMBER(Q6),逐级计算!$X$17>-1),IF(逐级计算!$X$17=0,Q6+逐级计算!$C$17,Q6+逐级计算!$C$17-(10/(逐级计算!$Q$17*LN(10))*(MAX((LN(10^(逐级计算!$Q$17/10)-1)+逐级计算!$Q$17*(Q6-逐级计算!$P$17)*LN(10)/10),0)+LN(1+EXP(-ABS((LN(10^(逐级计算!$Q$17/10)-1)+逐级计算!$Q$17*(Q6-逐级计算!$P$17)*LN(10)/10))))))),"") -> -65 | S6: =IF(AND(ISNUMBER(R6),逐级计算!$X$18>-1),IF(逐级计算!$X$18=0,R6+逐级计算!$C$18,R6+逐级计算!$C$18-(10/(逐级计算!$Q$18*LN(10))*(MAX((LN(10^(逐级计算!$Q$18/10)-1)+逐级计算!$Q$18*(R6-逐级计算!$P$18)*LN(10)/10),0)+LN(1+EXP(-ABS((LN(10^(逐级计算!$Q$18/10)-1)+逐级计算!$Q$18*(R6-逐级计算!$P$18)*LN(10)/10))))))),"") -> -65 | T6: =IF(AND(ISNUMBER(S6),逐级计算!$X$19>-1),IF(逐级计算!$X$19=0,S6+逐级计算!$C$19,S6+逐级计算!$C$19-(10/(逐级计算!$Q$19*LN(10))*(MAX((LN(10^(逐级计算!$Q$19/10)-1)+逐级计算!$Q$19*(S6-逐级计算!$P$19)*LN(10)/10),0)+LN(1+EXP(-ABS((LN(10^(逐级计算!$Q$19/10)-1)+逐级计算!$Q$19*(S6-逐级计算!$P$19)*LN(10)/10))))))),"") -> -65 | U6: =IF(AND(ISNUMBER(T6),逐级计算!$X$20>-1),IF(逐级计算!$X$20=0,T6+逐级计算!$C$20,T6+逐级计算!$C$20-(10/(逐级计算!$Q$20*LN(10))*(MAX((LN(10^(逐级计算!$Q$20/10)-1)+逐级计算!$Q$20*(T6-逐级计算!$P$20)*LN(10)/10),0)+LN(1+EXP(-ABS((LN(10^(逐级计算!$Q$20/10)-1)+逐级计算!$Q$20*(T6-逐级计算!$P$20)*LN(10)/10))))))),"") -> -65 | V6: =IF(AND(ISNUMBER(U6),逐级计算!$X$21>-1),IF(逐级计算!$X$21=0,U6+逐级计算!$C$21,U6+逐级计算!$C$21-(10/(逐级计算!$Q$21*LN(10))*(MAX((LN(10^(逐级计算!$Q$21/10)-1)+逐级计算!$Q$21*(U6-逐级计算!$P$21)*LN(10)/10),0)+LN(1+EXP(-ABS((LN(10^(逐级计算!$Q$21/10)-1)+逐级计算!$Q$21*(U6-逐级计算!$P$21)*LN(10)/10))))))),"") -> -65 | W6: =IF(AND(ISNUMBER(V6),逐级计算!$X$22>-1),IF(逐级计算!$X$22=0,V6+逐级计算!$C$22,V6+逐级计算!$C$22-(10/(逐级计算!$Q$22*LN(10))*(MAX((LN(10^(逐级计算!$Q$22/10)-1)+逐级计算!$Q$22*(V6-逐级计算!$P$22)*LN(10)/10),0)+LN(1+EXP(-ABS((LN(10^(逐级计算!$Q$22/10)-1)+逐级计算!$Q$22*(V6-逐级计算!$P$22)*LN(10)/10))))))),"") -> -65 | X6: =IF(AND(ISNUMBER(W6),逐级计算!$X$23>-1),IF(逐级计算!$X$23=0,W6+逐级计算!$C$23,W6+逐级计算!$C$23-(10/(逐级计算!$Q$23*LN(10))*(MAX((LN(10^(逐级计算!$Q$23/10)-1)+逐级计算!$Q$23*(W6-逐级计算!$P$23)*LN(10)/10),0)+LN(1+EXP(-ABS((LN(10^(逐级计算!$Q$23/10)-1)+逐级计算!$Q$23*(W6-逐级计算!$P$23)*LN(10)/10))))))),"") -> -65 | Y6: =IF(AND(ISNUMBER(X6),逐级计算!$X$24>-1),IF(逐级计算!$X$24=0,X6+逐级计算!$C$24,X6+逐级计算!$C$24-(10/(逐级计算!$Q$24*LN(10))*(MAX((LN(10^(逐级计算!$Q$24/10)-1)+逐级计算!$Q$24*(X6-逐级计算!$P$24)*LN(10)/10),0)+LN(1+EXP(-ABS((LN(10^(逐级计算!$Q$24/10)-1)+逐级计算!$Q$24*(X6-逐级计算!$P$24)*LN(10)/10))))))),"") -> -65 | Z6: =IF(AND(ISNUMBER(Y6),逐级计算!$X$25>-1),IF(逐级计算!$X$25=0,Y6+逐级计算!$C$25,Y6+逐级计算!$C$25-(10/(逐级计算!$Q$25*LN(10))*(MAX((LN(10^(逐级计算!$Q$25/10)-1)+逐级计算!$Q$25*(Y6-逐级计算!$P$25)*LN(10)/10),0)+LN(1+EXP(-ABS((LN(10^(逐级计算!$Q$25/10)-1)+逐级计算!$Q$25*(Y6-逐级计算!$P$25)*LN(10)/10))))))),"") -> -65 | AA6: =IF(AND(ISNUMBER(Z6),逐级计算!$X$26>-1),IF(逐级计算!$X$26=0,Z6+逐级计算!$C$26,Z6+逐级计算!$C$26-(10/(逐级计算!$Q$26*LN(10))*(MAX((LN(10^(逐级计算!$Q$26/10)-1)+逐级计算!$Q$26*(Z6-逐级计算!$P$26)*LN(10)/10),0)+LN(1+EXP(-ABS((LN(10^(逐级计算!$Q$26/10)-1)+逐级计算!$Q$26*(Z6-逐级计算!$P$26)*LN(10)/10))))))),"") -> -65 | AB6: =IF(AND(ISNUMBER(AA6),逐级计算!$X$27>-1),IF(逐级计算!$X$27=0,AA6+逐级计算!$C$27,AA6+逐级计算!$C$27-(10/(逐级计算!$Q$27*LN(10))*(MAX((LN(10^(逐级计算!$Q$27/10)-1)+逐级计算!$Q$27*(AA6-逐级计算!$P$27)*LN(10)/10),0)+LN(1+EXP(-ABS((LN(10^(逐级计算!$Q$27/10)-1)+逐级计算!$Q$27*(AA6-逐级计算!$P$27)*LN(10)/10))))))),"") -> -65 | AC6: =IF(AND(ISNUMBER(AB6),逐级计算!$X$28>-1),IF(逐级计算!$X$28=0,AB6+逐级计算!$C$28,AB6+逐级计算!$C$28-(10/(逐级计算!$Q$28*LN(10))*(MAX((LN(10^(逐级计算!$Q$28/10)-1)+逐级计算!$Q$28*(AB6-逐级计算!$P$28)*LN(10)/10),0)+LN(1+EXP(-ABS((LN(10^(逐级计算!$Q$28/10)-1)+逐级计算!$Q$28*(AB6-逐级计算!$P$28)*LN(10)/10))))))),"") -> -65 | AD6: =IF(AND(ISNUMBER(AC6),逐级计算!$X$29>-1),IF(逐级计算!$X$29=0,AC6+逐级计算!$C$29,AC6+逐级计算!$C$29-(10/(逐级计算!$Q$29*LN(10))*(MAX((LN(10^(逐级计算!$Q$29/10)-1)+逐级计算!$Q$29*(AC6-逐级计算!$P$29)*LN(10)/10),0)+LN(1+EXP(-ABS((LN(10^(逐级计算!$Q$29/10)-1)+逐级计算!$Q$29*(AC6-逐级计算!$P$29)*LN(10)/10))))))),"") -> -65 | AE6: =IF(AND(ISNUMBER(AD6),逐级计算!$X$30>-1),IF(逐级计算!$X$30=0,AD6+逐级计算!$C$30,AD6+逐级计算!$C$30-(10/(逐级计算!$Q$30*LN(10))*(MAX((LN(10^(逐级计算!$Q$30/10)-1)+逐级计算!$Q$30*(AD6-逐级计算!$P$30)*LN(10)/10),0)+LN(1+EXP(-ABS((LN(10^(逐级计算!$Q$30/10)-1)+逐级计算!$Q$30*(AD6-逐级计算!$P$30)*LN(10)/10))))))),"") -> -65 | AF6: =IF(AND(ISNUMBER(AE6),逐级计算!$X$31>-1),IF(逐级计算!$X$31=0,AE6+逐级计算!$C$31,AE6+逐级计算!$C$31-(10/(逐级计算!$Q$31*LN(10))*(MAX((LN(10^(逐级计算!$Q$31/10)-1)+逐级计算!$Q$31*(AE6-逐级计算!$P$31)*LN(10)/10),0)+LN(1+EXP(-ABS((LN(10^(逐级计算!$Q$31/10)-1)+逐级计算!$Q$31*(AE6-逐级计算!$P$31)*LN(10)/10))))))),"") -> -65 | AG6: =IF(AND(ISNUMBER(AF6),逐级计算!$X$32>-1),IF(逐级计算!$X$32=0,AF6+逐级计算!$C$32,AF6+逐级计算!$C$32-(10/(逐级计算!$Q$32*LN(10))*(MAX((LN(10^(逐级计算!$Q$32/10)-1)+逐级计算!$Q$32*(AF6-逐级计算!$P$32)*LN(10)/10),0)+LN(1+EXP(-ABS((LN(10^(逐级计算!$Q$32/10)-1)+逐级计算!$Q$32*(AF6-逐级计算!$P$32)*LN(10)/10))))))),"") -> -65 | AH6: =IF(AND(ISNUMBER(AG6),逐级计算!$X$33>-1),IF(逐级计算!$X$33=0,AG6+逐级计算!$C$33,AG6+逐级计算!$C$33-(10/(逐级计算!$Q$33*LN(10))*(MAX((LN(10^(逐级计算!$Q$33/10)-1)+逐级计算!$Q$33*(AG6-逐级计算!$P$33)*LN(10)/10),0)+LN(1+EXP(-ABS((LN(10^(逐级计算!$Q$33/10)-1)+逐级计算!$Q$33*(AG6-逐级计算!$P$33)*LN(10)/10))))))),"") -> -65 | AI6: =IF(AND(ISNUMBER(AH6),逐级计算!$X$34>-1),IF(逐级计算!$X$34=0,AH6+逐级计算!$C$34,AH6+逐级计算!$C$34-(10/(逐级计算!$Q$34*LN(10))*(MAX((LN(10^(逐级计算!$Q$34/10)-1)+逐级计算!$Q$34*(AH6-逐级计算!$P$34)*LN(10)/10),0)+LN(1+EXP(-ABS((LN(10^(逐级计算!$Q$34/10)-1)+逐级计算!$Q$34*(AH6-逐级计算!$P$34)*LN(10)/10))))))),"") -> -65 | AJ6: =IF(AND(ISNUMBER(AI6),逐级计算!$X$35>-1),IF(逐级计算!$X$35=0,AI6+逐级计算!$C$35,AI6+逐级计算!$C$35-(10/(逐级计算!$Q$35*LN(10))*(MAX((LN(10^(逐级计算!$Q$35/10)-1)+逐级计算!$Q$35*(AI6-逐级计算!$P$35)*LN(10)/10),0)+LN(1+EXP(-ABS((LN(10^(逐级计算!$Q$35/10)-1)+逐级计算!$Q$35*(AI6-逐级计算!$P$35)*LN(10)/10))))))),"") -> -65 | AK6: =IF(AND(ISNUMBER(AJ6),逐级计算!$X$36>-1),IF(逐级计算!$X$36=0,AJ6+逐级计算!$C$36,AJ6+逐级计算!$C$36-(10/(逐级计算!$Q$36*LN(10))*(MAX((LN(10^(逐级计算!$Q$36/10)-1)+逐级计算!$Q$36*(AJ6-逐级计算!$P$36)*LN(10)/10),0)+LN(1+EXP(-ABS((LN(10^(逐级计算!$Q$36/10)-1)+逐级计算!$Q$36*(AJ6-逐级计算!$P$36)*LN(10)/10))))))),"") -> -65 | AL6: =IF(AND(ISNUMBER(AK6),逐级计算!$X$37>-1),IF(逐级计算!$X$37=0,AK6+逐级计算!$C$37,AK6+逐级计算!$C$37-(10/(逐级计算!$Q$37*LN(10))*(MAX((LN(10^(逐级计算!$Q$37/10)-1)+逐级计算!$Q$37*(AK6-逐级计算!$P$37)*LN(10)/10),0)+LN(1+EXP(-ABS((LN(10^(逐级计算!$Q$37/10)-1)+逐级计算!$Q$37*(AK6-逐级计算!$P$37)*LN(10)/10))))))),"") -> -65 | AM6: =IF(AND(ISNUMBER(AL6),逐级计算!$X$38>-1),IF(逐级计算!$X$38=0,AL6+逐级计算!$C$38,AL6+逐级计算!$C$38-(10/(逐级计算!$Q$38*LN(10))*(MAX((LN(10^(逐级计算!$Q$38/10)-1)+逐级计算!$Q$38*(AL6-逐级计算!$P$38)*LN(10)/10),0)+LN(1+EXP(-ABS((LN(10^(逐级计算!$Q$38/10)-1)+逐级计算!$Q$38*(AL6-逐级计算!$P$38)*LN(10)/10))))))),"") -> -65 | AN6: =IF(AND(ISNUMBER(AM6),逐级计算!$X$39>-1),IF(逐级计算!$X$39=0,AM6+逐级计算!$C$39,AM6+逐级计算!$C$39-(10/(逐级计算!$Q$39*LN(10))*(MAX((LN(10^(逐级计算!$Q$39/10)-1)+逐级计算!$Q$39*(AM6-逐级计算!$P$39)*LN(10)/10),0)+LN(1+EXP(-ABS((LN(10^(逐级计算!$Q$39/10)-1)+逐级计算!$Q$39*(AM6-逐级计算!$P$39)*LN(10)/10))))))),"") -> -65 | AO6: =IF(AND(ISNUMBER(AN6),逐级计算!$X$40>-1),IF(逐级计算!$X$40=0,AN6+逐级计算!$C$40,AN6+逐级计算!$C$40-(10/(逐级计算!$Q$40*LN(10))*(MAX((LN(10^(逐级计算!$Q$40/10)-1)+逐级计算!$Q$40*(AN6-逐级计算!$P$40)*LN(10)/10),0)+LN(1+EXP(-ABS((LN(10^(逐级计算!$Q$40/10)-1)+逐级计算!$Q$40*(AN6-逐级计算!$P$40)*LN(10)/10))))))),"") -> -65 | AP6: =IF(AND(ISNUMBER(AO6),逐级计算!$X$41>-1),IF(逐级计算!$X$41=0,AO6+逐级计算!$C$41,AO6+逐级计算!$C$41-(10/(逐级计算!$Q$41*LN(10))*(MAX((LN(10^(逐级计算!$Q$41/10)-1)+逐级计算!$Q$41*(AO6-逐级计算!$P$41)*LN(10)/10),0)+LN(1+EXP(-ABS((LN(10^(逐级计算!$Q$41/10)-1)+逐级计算!$Q$41*(AO6-逐级计算!$P$41)*LN(10)/10))))))),"") -> -65 | AQ6: =IF(AND(ISNUMBER(AP6),逐级计算!$X$42>-1),IF(逐级计算!$X$42=0,AP6+逐级计算!$C$42,AP6+逐级计算!$C$42-(10/(逐级计算!$Q$42*LN(10))*(MAX((LN(10^(逐级计算!$Q$42/10)-1)+逐级计算!$Q$42*(AP6-逐级计算!$P$42)*LN(10)/10),0)+LN(1+EXP(-ABS((LN(10^(逐级计算!$Q$42/10)-1)+逐级计算!$Q$42*(AP6-逐级计算!$P$42)*LN(10)/10))))))),"") -> -65 | AR6: =IF(AND(ISNUMBER(AQ6),逐级计算!$X$43>-1),IF(逐级计算!$X$43=0,AQ6+逐级计算!$C$43,AQ6+逐级计算!$C$43-(10/(逐级计算!$Q$43*LN(10))*(MAX((LN(10^(逐级计算!$Q$43/10)-1)+逐级计算!$Q$43*(AQ6-逐级计算!$P$43)*LN(10)/10),0)+LN(1+EXP(-ABS((LN(10^(逐级计算!$Q$43/10)-1)+逐级计算!$Q$43*(AQ6-逐级计算!$P$43)*LN(10)/10))))))),"") -> -65 | AS6: =IF(AND(ISNUMBER(AR6),逐级计算!$X$44>-1),IF(逐级计算!$X$44=0,AR6+逐级计算!$C$44,AR6+逐级计算!$C$44-(10/(逐级计算!$Q$44*LN(10))*(MAX((LN(10^(逐级计算!$Q$44/10)-1)+逐级计算!$Q$44*(AR6-逐级计算!$P$44)*LN(10)/10),0)+LN(1+EXP(-ABS((LN(10^(逐级计算!$Q$44/10)-1)+逐级计算!$Q$44*(AR6-逐级计算!$P$44)*LN(10)/10))))))),"") -> -65 | AT6: =IF(AND(ISNUMBER(AS6),逐级计算!$X$45>-1),IF(逐级计算!$X$45=0,AS6+逐级计算!$C$45,AS6+逐级计算!$C$45-(10/(逐级计算!$Q$45*LN(10))*(MAX((LN(10^(逐级计算!$Q$45/10)-1)+逐级计算!$Q$45*(AS6-逐级计算!$P$45)*LN(10)/10),0)+LN(1+EXP(-ABS((LN(10^(逐级计算!$Q$45/10)-1)+逐级计算!$Q$45*(AS6-逐级计算!$P$45)*LN(10)/10))))))),"") -> -65 | AU6: =IF(AND(ISNUMBER(AT6),逐级计算!$X$46>-1),IF(逐级计算!$X$46=0,AT6+逐级计算!$C$46,AT6+逐级计算!$C$46-(10/(逐级计算!$Q$46*LN(10))*(MAX((LN(10^(逐级计算!$Q$46/10)-1)+逐级计算!$Q$46*(AT6-逐级计算!$P$46)*LN(10)/10),0)+LN(1+EXP(-ABS((LN(10^(逐级计算!$Q$46/10)-1)+逐级计算!$Q$46*(AT6-逐级计算!$P$46)*LN(10)/10))))))),"") -> -65 | AV6: =IF(AND(ISNUMBER(AU6),逐级计算!$X$47>-1),IF(逐级计算!$X$47=0,AU6+逐级计算!$C$47,AU6+逐级计算!$C$47-(10/(逐级计算!$Q$47*LN(10))*(MAX((LN(10^(逐级计算!$Q$47/10)-1)+逐级计算!$Q$47*(AU6-逐级计算!$P$47)*LN(10)/10),0)+LN(1+EXP(-ABS((LN(10^(逐级计算!$Q$47/10)-1)+逐级计算!$Q$47*(AU6-逐级计算!$P$47)*LN(10)/10))))))),"") -> -65 | AW6: =IF(AND(ISNUMBER(AV6),逐级计算!$X$48>-1),IF(逐级计算!$X$48=0,AV6+逐级计算!$C$48,AV6+逐级计算!$C$48-(10/(逐级计算!$Q$48*LN(10))*(MAX((LN(10^(逐级计算!$Q$48/10)-1)+逐级计算!$Q$48*(AV6-逐级计算!$P$48)*LN(10)/10),0)+LN(1+EXP(-ABS((LN(10^(逐级计算!$Q$48/10)-1)+逐级计算!$Q$48*(AV6-逐级计算!$P$48)*LN(10)/10))))))),"") -> -65 | AX6: =IF(AND(ISNUMBER(AW6),逐级计算!$X$49>-1),IF(逐级计算!$X$49=0,AW6+逐级计算!$C$49,AW6+逐级计算!$C$49-(10/(逐级计算!$Q$49*LN(10))*(MAX((LN(10^(逐级计算!$Q$49/10)-1)+逐级计算!$Q$49*(AW6-逐级计算!$P$49)*LN(10)/10),0)+LN(1+EXP(-ABS((LN(10^(逐级计算!$Q$49/10)-1)+逐级计算!$Q$49*(AW6-逐级计算!$P$49)*LN(10)/10))))))),"") -> -65 | AY6: =IF(AND(ISNUMBER(AX6),逐级计算!$X$50>-1),IF(逐级计算!$X$50=0,AX6+逐级计算!$C$50,AX6+逐级计算!$C$50-(10/(逐级计算!$Q$50*LN(10))*(MAX((LN(10^(逐级计算!$Q$50/10)-1)+逐级计算!$Q$50*(AX6-逐级计算!$P$50)*LN(10)/10),0)+LN(1+EXP(-ABS((LN(10^(逐级计算!$Q$50/10)-1)+逐级计算!$Q$50*(AX6-逐级计算!$P$50)*LN(10)/10))))))),"") -> -65 | AZ6: =IF(AND(ISNUMBER(AY6),逐级计算!$X$51>-1),IF(逐级计算!$X$51=0,AY6+逐级计算!$C$51,AY6+逐级计算!$C$51-(10/(逐级计算!$Q$51*LN(10))*(MAX((LN(10^(逐级计算!$Q$51/10)-1)+逐级计算!$Q$51*(AY6-逐级计算!$P$51)*LN(10)/10),0)+LN(1+EXP(-ABS((LN(10^(逐级计算!$Q$51/10)-1)+逐级计算!$Q$51*(AY6-逐级计算!$P$51)*LN(10)/10))))))),"") -> -65 | BA6: =IF(AND(ISNUMBER(AZ6),逐级计算!$X$52>-1),IF(逐级计算!$X$52=0,AZ6+逐级计算!$C$52,AZ6+逐级计算!$C$52-(10/(逐级计算!$Q$52*LN(10))*(MAX((LN(10^(逐级计算!$Q$52/10)-1)+逐级计算!$Q$52*(AZ6-逐级计算!$P$52)*LN(10)/10),0)+LN(1+EXP(-ABS((LN(10^(逐级计算!$Q$52/10)-1)+逐级计算!$Q$52*(AZ6-逐级计算!$P$52)*LN(10)/10))))))),"") -> -65 | BB6: =IF(AND(ISNUMBER(BA6),逐级计算!$X$53>-1),IF(逐级计算!$X$53=0,BA6+逐级计算!$C$53,BA6+逐级计算!$C$53-(10/(逐级计算!$Q$53*LN(10))*(MAX((LN(10^(逐级计算!$Q$53/10)-1)+逐级计算!$Q$53*(BA6-逐级计算!$P$53)*LN(10)/10),0)+LN(1+EXP(-ABS((LN(10^(逐级计算!$Q$53/10)-1)+逐级计算!$Q$53*(BA6-逐级计算!$P$53)*LN(10)/10))))))),"") -> -65 | BC6: =IF(AND(ISNUMBER(BB6),逐级计算!$X$54>-1),IF(逐级计算!$X$54=0,BB6+逐级计算!$C$54,BB6+逐级计算!$C$54-(10/(逐级计算!$Q$54*LN(10))*(MAX((LN(10^(逐级计算!$Q$54/10)-1)+逐级计算!$Q$54*(BB6-逐级计算!$P$54)*LN(10)/10),0)+LN(1+EXP(-ABS((LN(10^(逐级计算!$Q$54/10)-1)+逐级计算!$Q$54*(BB6-逐级计算!$P$54)*LN(10)/10))))))),"") -> -65 | BD6: =IF(AND(ISNUMBER(BC6),逐级计算!$X$55>-1),IF(逐级计算!$X$55=0,BC6+逐级计算!$C$55,BC6+逐级计算!$C$55-(10/(逐级计算!$Q$55*LN(10))*(MAX((LN(10^(逐级计算!$Q$55/10)-1)+逐级计算!$Q$55*(BC6-逐级计算!$P$55)*LN(10)/10),0)+LN(1+EXP(-ABS((LN(10^(逐级计算!$Q$55/10)-1)+逐级计算!$Q$55*(BC6-逐级计算!$P$55)*LN(10)/10))))))),"") -> -65 | BE6: =IF(AND(ISNUMBER(BD6),逐级计算!$X$56>-1),IF(逐级计算!$X$56=0,BD6+逐级计算!$C$56,BD6+逐级计算!$C$56-(10/(逐级计算!$Q$56*LN(10))*(MAX((LN(10^(逐级计算!$Q$56/10)-1)+逐级计算!$Q$56*(BD6-逐级计算!$P$56)*LN(10)/10),0)+LN(1+EXP(-ABS((LN(10^(逐级计算!$Q$56/10)-1)+逐级计算!$Q$56*(BD6-逐级计算!$P$56)*LN(10)/10))))))),"") -> -65 | BF6: =IF(AND(ISNUMBER(BE6),逐级计算!$X$57>-1),IF(逐级计算!$X$57=0,BE6+逐级计算!$C$57,BE6+逐级计算!$C$57-(10/(逐级计算!$Q$57*LN(10))*(MAX((LN(10^(逐级计算!$Q$57/10)-1)+逐级计算!$Q$57*(BE6-逐级计算!$P$57)*LN(10)/10),0)+LN(1+EXP(-ABS((LN(10^(逐级计算!$Q$57/10)-1)+逐级计算!$Q$57*(BE6-逐级计算!$P$57)*LN(10)/10))))))),"") -> -65 | BG6: =IF(AND(ISNUMBER(BF6),逐级计算!$X$58>-1),IF(逐级计算!$X$58=0,BF6+逐级计算!$C$58,BF6+逐级计算!$C$58-(10/(逐级计算!$Q$58*LN(10))*(MAX((LN(10^(逐级计算!$Q$58/10)-1)+逐级计算!$Q$58*(BF6-逐级计算!$P$58)*LN(10)/10),0)+LN(1+EXP(-ABS((LN(10^(逐级计算!$Q$58/10)-1)+逐级计算!$Q$58*(BF6-逐级计算!$P$58)*LN(10)/10))))))),"") -> -65 | BH6: =IF(AND(ISNUMBER(BG6),逐级计算!$X$59>-1),IF(逐级计算!$X$59=0,BG6+逐级计算!$C$59,BG6+逐级计算!$C$59-(10/(逐级计算!$Q$59*LN(10))*(MAX((LN(10^(逐级计算!$Q$59/10)-1)+逐级计算!$Q$59*(BG6-逐级计算!$P$59)*LN(10)/10),0)+LN(1+EXP(-ABS((LN(10^(逐级计算!$Q$59/10)-1)+逐级计算!$Q$59*(BG6-逐级计算!$P$59)*LN(10)/10))))))),"") -> -65 | BI6: =IF(AND(ISNUMBER(BH6),逐级计算!$X$60>-1),IF(逐级计算!$X$60=0,BH6+逐级计算!$C$60,BH6+逐级计算!$C$60-(10/(逐级计算!$Q$60*LN(10))*(MAX((LN(10^(逐级计算!$Q$60/10)-1)+逐级计算!$Q$60*(BH6-逐级计算!$P$60)*LN(10)/10),0)+LN(1+EXP(-ABS((LN(10^(逐级计算!$Q$60/10)-1)+逐级计算!$Q$60*(BH6-逐级计算!$P$60)*LN(10)/10))))))),"") -> -65 | BJ6: =IF(AND(ISNUMBER(BI6),逐级计算!$X$61>-1),IF(逐级计算!$X$61=0,BI6+逐级计算!$C$61,BI6+逐级计算!$C$61-(10/(逐级计算!$Q$61*LN(10))*(MAX((LN(10^(逐级计算!$Q$61/10)-1)+逐级计算!$Q$61*(BI6-逐级计算!$P$61)*LN(10)/10),0)+LN(1+EXP(-ABS((LN(10^(逐级计算!$Q$61/10)-1)+逐级计算!$Q$61*(BI6-逐级计算!$P$61)*LN(10)/10))))))),"") -> -65 | BK6: =IF(AND(ISNUMBER(BJ6),逐级计算!$X$62>-1),IF(逐级计算!$X$62=0,BJ6+逐级计算!$C$62,BJ6+逐级计算!$C$62-(10/(逐级计算!$Q$62*LN(10))*(MAX((LN(10^(逐级计算!$Q$62/10)-1)+逐级计算!$Q$62*(BJ6-逐级计算!$P$62)*LN(10)/10),0)+LN(1+EXP(-ABS((LN(10^(逐级计算!$Q$62/10)-1)+逐级计算!$Q$62*(BJ6-逐级计算!$P$62)*LN(10)/10))))))),"") -> -65 | BL6: =IF(AND(ISNUMBER(BK6),逐级计算!$X$63>-1),IF(逐级计算!$X$63=0,BK6+逐级计算!$C$63,BK6+逐级计算!$C$63-(10/(逐级计算!$Q$63*LN(10))*(MAX((LN(10^(逐级计算!$Q$63/10)-1)+逐级计算!$Q$63*(BK6-逐级计算!$P$63)*LN(10)/10),0)+LN(1+EXP(-ABS((LN(10^(逐级计算!$Q$63/10)-1)+逐级计算!$Q$63*(BK6-逐级计算!$P$63)*LN(10)/10))))))),"") -> -65 | BM6: =IF(AND(ISNUMBER(BL6),逐级计算!$X$64>-1),IF(逐级计算!$X$64=0,BL6+逐级计算!$C$64,BL6+逐级计算!$C$64-(10/(逐级计算!$Q$64*LN(10))*(MAX((LN(10^(逐级计算!$Q$64/10)-1)+逐级计算!$Q$64*(BL6-逐级计算!$P$64)*LN(10)/10),0)+LN(1+EXP(-ABS((LN(10^(逐级计算!$Q$64/10)-1)+逐级计算!$Q$64*(BL6-逐级计算!$P$64)*LN(10)/10))))))),"") -> -65 | BN6: =IF(AND(ISNUMBER(BM6),逐级计算!$X$65>-1),IF(逐级计算!$X$65=0,BM6+逐级计算!$C$65,BM6+逐级计算!$C$65-(10/(逐级计算!$Q$65*LN(10))*(MAX((LN(10^(逐级计算!$Q$65/10)-1)+逐级计算!$Q$65*(BM6-逐级计算!$P$65)*LN(10)/10),0)+LN(1+EXP(-ABS((LN(10^(逐级计算!$Q$65/10)-1)+逐级计算!$Q$65*(BM6-逐级计算!$P$65)*LN(10)/10))))))),"") -> -65 | BO6: =IF(AND(ISNUMBER(BN6),逐级计算!$X$66>-1),IF(逐级计算!$X$66=0,BN6+逐级计算!$C$66,BN6+逐级计算!$C$66-(10/(逐级计算!$Q$66*LN(10))*(MAX((LN(10^(逐级计算!$Q$66/10)-1)+逐级计算!$Q$66*(BN6-逐级计算!$P$66)*LN(10)/10),0)+LN(1+EXP(-ABS((LN(10^(逐级计算!$Q$66/10)-1)+逐级计算!$Q$66*(BN6-逐级计算!$P$66)*LN(10)/10))))))),"") -> -65 | BP6: =IF(AND(ISNUMBER(BO6),逐级计算!$X$67>-1),IF(逐级计算!$X$67=0,BO6+逐级计算!$C$67,BO6+逐级计算!$C$67-(10/(逐级计算!$Q$67*LN(10))*(MAX((LN(10^(逐级计算!$Q$67/10)-1)+逐级计算!$Q$67*(BO6-逐级计算!$P$67)*LN(10)/10),0)+LN(1+EXP(-ABS((LN(10^(逐级计算!$Q$67/10)-1)+逐级计算!$Q$67*(BO6-逐级计算!$P$67)*LN(10)/10))))))),"") -> -65 | BQ6: =IF(AND(ISNUMBER(BP6),逐级计算!$X$68>-1),IF(逐级计算!$X$68=0,BP6+逐级计算!$C$68,BP6+逐级计算!$C$68-(10/(逐级计算!$Q$68*LN(10))*(MAX((LN(10^(逐级计算!$Q$68/10)-1)+逐级计算!$Q$68*(BP6-逐级计算!$P$68)*LN(10)/10),0)+LN(1+EXP(-ABS((LN(10^(逐级计算!$Q$68/10)-1)+逐级计算!$Q$68*(BP6-逐级计算!$P$68)*LN(10)/10))))))),"") -> -65 | BR6: =IF(AND(ISNUMBER(BQ6),逐级计算!$X$69>-1),IF(逐级计算!$X$69=0,BQ6+逐级计算!$C$69,BQ6+逐级计算!$C$69-(10/(逐级计算!$Q$69*LN(10))*(MAX((LN(10^(逐级计算!$Q$69/10)-1)+逐级计算!$Q$69*(BQ6-逐级计算!$P$69)*LN(10)/10),0)+LN(1+EXP(-ABS((LN(10^(逐级计算!$Q$69/10)-1)+逐级计算!$Q$69*(BQ6-逐级计算!$P$69)*LN(10)/10))))))),"") -> -65 | BS6: =IF(AND(ISNUMBER(BR6),逐级计算!$X$70>-1),IF(逐级计算!$X$70=0,BR6+逐级计算!$C$70,BR6+逐级计算!$C$70-(10/(逐级计算!$Q$70*LN(10))*(MAX((LN(10^(逐级计算!$Q$70/10)-1)+逐级计算!$Q$70*(BR6-逐级计算!$P$70)*LN(10)/10),0)+LN(1+EXP(-ABS((LN(10^(逐级计算!$Q$70/10)-1)+逐级计算!$Q$70*(BR6-逐级计算!$P$70)*LN(10)/10))))))),"") -> -65 | BT6: =IF(AND(ISNUMBER(BS6),逐级计算!$X$71>-1),IF(逐级计算!$X$71=0,BS6+逐级计算!$C$71,BS6+逐级计算!$C$71-(10/(逐级计算!$Q$71*LN(10))*(MAX((LN(10^(逐级计算!$Q$71/10)-1)+逐级计算!$Q$71*(BS6-逐级计算!$P$71)*LN(10)/10),0)+LN(1+EXP(-ABS((LN(10^(逐级计算!$Q$71/10)-1)+逐级计算!$Q$71*(BS6-逐级计算!$P$71)*LN(10)/10))))))),"") -> -65 | BU6: =IF(AND(ISNUMBER(BT6),逐级计算!$X$72>-1),IF(逐级计算!$X$72=0,BT6+逐级计算!$C$72,BT6+逐级计算!$C$72-(10/(逐级计算!$Q$72*LN(10))*(MAX((LN(10^(逐级计算!$Q$72/10)-1)+逐级计算!$Q$72*(BT6-逐级计算!$P$72)*LN(10)/10),0)+LN(1+EXP(-ABS((LN(10^(逐级计算!$Q$72/10)-1)+逐级计算!$Q$72*(BT6-逐级计算!$P$72)*LN(10)/10))))))),"") -> -65 | BV6: =IF(AND(ISNUMBER(BU6),逐级计算!$X$73>-1),IF(逐级计算!$X$73=0,BU6+逐级计算!$C$73,BU6+逐级计算!$C$73-(10/(逐级计算!$Q$73*LN(10))*(MAX((LN(10^(逐级计算!$Q$73/10)-1)+逐级计算!$Q$73*(BU6-逐级计算!$P$73)*LN(10)/10),0)+LN(1+EXP(-ABS((LN(10^(逐级计算!$Q$73/10)-1)+逐级计算!$Q$73*(BU6-逐级计算!$P$73)*LN(10)/10))))))),"") -> -65 | BW6: =IF(AND(ISNUMBER(BV6),逐级计算!$X$74>-1),IF(逐级计算!$X$74=0,BV6+逐级计算!$C$74,BV6+逐级计算!$C$74-(10/(逐级计算!$Q$74*LN(10))*(MAX((LN(10^(逐级计算!$Q$74/10)-1)+逐级计算!$Q$74*(BV6-逐级计算!$P$74)*LN(10)/10),0)+LN(1+EXP(-ABS((LN(10^(逐级计算!$Q$74/10)-1)+逐级计算!$Q$74*(BV6-逐级计算!$P$74)*LN(10)/10))))))),"") -> -65 | BX6: =IF(AND(ISNUMBER(BW6),逐级计算!$X$75>-1),IF(逐级计算!$X$75=0,BW6+逐级计算!$C$75,BW6+逐级计算!$C$75-(10/(逐级计算!$Q$75*LN(10))*(MAX((LN(10^(逐级计算!$Q$75/10)-1)+逐级计算!$Q$75*(BW6-逐级计算!$P$75)*LN(10)/10),0)+LN(1+EXP(-ABS((LN(10^(逐级计算!$Q$75/10)-1)+逐级计算!$Q$75*(BW6-逐级计算!$P$75)*LN(10)/10))))))),"") -> -65 | BY6: =IF(AND(ISNUMBER(BX6),逐级计算!$X$76>-1),IF(逐级计算!$X$76=0,BX6+逐级计算!$C$76,BX6+逐级计算!$C$76-(10/(逐级计算!$Q$76*LN(10))*(MAX((LN(10^(逐级计算!$Q$76/10)-1)+逐级计算!$Q$76*(BX6-逐级计算!$P$76)*LN(10)/10),0)+LN(1+EXP(-ABS((LN(10^(逐级计算!$Q$76/10)-1)+逐级计算!$Q$76*(BX6-逐级计算!$P$76)*LN(10)/10))))))),"") -> -65 | BZ6: =IF(AND(ISNUMBER(BY6),逐级计算!$X$77>-1),IF(逐级计算!$X$77=0,BY6+逐级计算!$C$77,BY6+逐级计算!$C$77-(10/(逐级计算!$Q$77*LN(10))*(MAX((LN(10^(逐级计算!$Q$77/10)-1)+逐级计算!$Q$77*(BY6-逐级计算!$P$77)*LN(10)/10),0)+LN(1+EXP(-ABS((LN(10^(逐级计算!$Q$77/10)-1)+逐级计算!$Q$77*(BY6-逐级计算!$P$77)*LN(10)/10))))))),"") -> -65 | CA6: =IF(AND(ISNUMBER(BZ6),逐级计算!$X$78>-1),IF(逐级计算!$X$78=0,BZ6+逐级计算!$C$78,BZ6+逐级计算!$C$78-(10/(逐级计算!$Q$78*LN(10))*(MAX((LN(10^(逐级计算!$Q$78/10)-1)+逐级计算!$Q$78*(BZ6-逐级计算!$P$78)*LN(10)/10),0)+LN(1+EXP(-ABS((LN(10^(逐级计算!$Q$78/10)-1)+逐级计算!$Q$78*(BZ6-逐级计算!$P$78)*LN(10)/10))))))),"") -> -65 | CB6: =IF(AND(ISNUMBER(CA6),逐级计算!$X$79>-1),IF(逐级计算!$X$79=0,CA6+逐级计算!$C$79,CA6+逐级计算!$C$79-(10/(逐级计算!$Q$79*LN(10))*(MAX((LN(10^(逐级计算!$Q$79/10)-1)+逐级计算!$Q$79*(CA6-逐级计算!$P$79)*LN(10)/10),0)+LN(1+EXP(-ABS((LN(10^(逐级计算!$Q$79/10)-1)+逐级计算!$Q$79*(CA6-逐级计算!$P$79)*LN(10)/10))))))),"") -> -65 | CC6: =IF(AND(ISNUMBER(CB6),逐级计算!$X$80>-1),IF(逐级计算!$X$80=0,CB6+逐级计算!$C$80,CB6+逐级计算!$C$80-(10/(逐级计算!$Q$80*LN(10))*(MAX((LN(10^(逐级计算!$Q$80/10)-1)+逐级计算!$Q$80*(CB6-逐级计算!$P$80)*LN(10)/10),0)+LN(1+EXP(-ABS((LN(10^(逐级计算!$Q$80/10)-1)+逐级计算!$Q$80*(CB6-逐级计算!$P$80)*LN(10)/10))))))),"") -> -65 | CD6: =IF(AND(ISNUMBER(CC6),逐级计算!$X$81>-1),IF(逐级计算!$X$81=0,CC6+逐级计算!$C$81,CC6+逐级计算!$C$81-(10/(逐级计算!$Q$81*LN(10))*(MAX((LN(10^(逐级计算!$Q$81/10)-1)+逐级计算!$Q$81*(CC6-逐级计算!$P$81)*LN(10)/10),0)+LN(1+EXP(-ABS((LN(10^(逐级计算!$Q$81/10)-1)+逐级计算!$Q$81*(CC6-逐级计算!$P$81)*LN(10)/10))))))),"") -> -65 | CE6: =IF(AND(ISNUMBER(CD6),逐级计算!$X$82>-1),IF(逐级计算!$X$82=0,CD6+逐级计算!$C$82,CD6+逐级计算!$C$82-(10/(逐级计算!$Q$82*LN(10))*(MAX((LN(10^(逐级计算!$Q$82/10)-1)+逐级计算!$Q$82*(CD6-逐级计算!$P$82)*LN(10)/10),0)+LN(1+EXP(-ABS((LN(10^(逐级计算!$Q$82/10)-1)+逐级计算!$Q$82*(CD6-逐级计算!$P$82)*LN(10)/10))))))),"") -> -65 | CF6: =IF(AND(ISNUMBER(CE6),逐级计算!$X$83>-1),IF(逐级计算!$X$83=0,CE6+逐级计算!$C$83,CE6+逐级计算!$C$83-(10/(逐级计算!$Q$83*LN(10))*(MAX((LN(10^(逐级计算!$Q$83/10)-1)+逐级计算!$Q$83*(CE6-逐级计算!$P$83)*LN(10)/10),0)+LN(1+EXP(-ABS((LN(10^(逐级计算!$Q$83/10)-1)+逐级计算!$Q$83*(CE6-逐级计算!$P$83)*LN(10)/10))))))),"") -> -65 | CG6: =IF(AND(ISNUMBER(CF6),逐级计算!$X$84>-1),IF(逐级计算!$X$84=0,CF6+逐级计算!$C$84,CF6+逐级计算!$C$84-(10/(逐级计算!$Q$84*LN(10))*(MAX((LN(10^(逐级计算!$Q$84/10)-1)+逐级计算!$Q$84*(CF6-逐级计算!$P$84)*LN(10)/10),0)+LN(1+EXP(-ABS((LN(10^(逐级计算!$Q$84/10)-1)+逐级计算!$Q$84*(CF6-逐级计算!$P$84)*LN(10)/10))))))),"") -> -65 | CH6: =IF(AND(ISNUMBER(CG6),逐级计算!$X$85>-1),IF(逐级计算!$X$85=0,CG6+逐级计算!$C$85,CG6+逐级计算!$C$85-(10/(逐级计算!$Q$85*LN(10))*(MAX((LN(10^(逐级计算!$Q$85/10)-1)+逐级计算!$Q$85*(CG6-逐级计算!$P$85)*LN(10)/10),0)+LN(1+EXP(-ABS((LN(10^(逐级计算!$Q$85/10)-1)+逐级计算!$Q$85*(CG6-逐级计算!$P$85)*LN(10)/10))))))),"") -> -65 | CI6: =IF(AND(ISNUMBER(CH6),逐级计算!$X$86>-1),IF(逐级计算!$X$86=0,CH6+逐级计算!$C$86,CH6+逐级计算!$C$86-(10/(逐级计算!$Q$86*LN(10))*(MAX((LN(10^(逐级计算!$Q$86/10)-1)+逐级计算!$Q$86*(CH6-逐级计算!$P$86)*LN(10)/10),0)+LN(1+EXP(-ABS((LN(10^(逐级计算!$Q$86/10)-1)+逐级计算!$Q$86*(CH6-逐级计算!$P$86)*LN(10)/10))))))),"") -> -65 | CJ6: =IF(AND(ISNUMBER(CI6),逐级计算!$X$87>-1),IF(逐级计算!$X$87=0,CI6+逐级计算!$C$87,CI6+逐级计算!$C$87-(10/(逐级计算!$Q$87*LN(10))*(MAX((LN(10^(逐级计算!$Q$87/10)-1)+逐级计算!$Q$87*(CI6-逐级计算!$P$87)*LN(10)/10),0)+LN(1+EXP(-ABS((LN(10^(逐级计算!$Q$87/10)-1)+逐级计算!$Q$87*(CI6-逐级计算!$P$87)*LN(10)/10))))))),"") -> -65 | CK6: =IF(AND(ISNUMBER(CJ6),逐级计算!$X$88>-1),IF(逐级计算!$X$88=0,CJ6+逐级计算!$C$88,CJ6+逐级计算!$C$88-(10/(逐级计算!$Q$88*LN(10))*(MAX((LN(10^(逐级计算!$Q$88/10)-1)+逐级计算!$Q$88*(CJ6-逐级计算!$P$88)*LN(10)/10),0)+LN(1+EXP(-ABS((LN(10^(逐级计算!$Q$88/10)-1)+逐级计算!$Q$88*(CJ6-逐级计算!$P$88)*LN(10)/10))))))),"") -> -65 | CL6: =IF(AND(ISNUMBER(CK6),逐级计算!$X$89>-1),IF(逐级计算!$X$89=0,CK6+逐级计算!$C$89,CK6+逐级计算!$C$89-(10/(逐级计算!$Q$89*LN(10))*(MAX((LN(10^(逐级计算!$Q$89/10)-1)+逐级计算!$Q$89*(CK6-逐级计算!$P$89)*LN(10)/10),0)+LN(1+EXP(-ABS((LN(10^(逐级计算!$Q$89/10)-1)+逐级计算!$Q$89*(CK6-逐级计算!$P$89)*LN(10)/10))))))),"") -> -65 | CM6: =IF(AND(ISNUMBER(CL6),逐级计算!$X$90>-1),IF(逐级计算!$X$90=0,CL6+逐级计算!$C$90,CL6+逐级计算!$C$90-(10/(逐级计算!$Q$90*LN(10))*(MAX((LN(10^(逐级计算!$Q$90/10)-1)+逐级计算!$Q$90*(CL6-逐级计算!$P$90)*LN(10)/10),0)+LN(1+EXP(-ABS((LN(10^(逐级计算!$Q$90/10)-1)+逐级计算!$Q$90*(CL6-逐级计算!$P$90)*LN(10)/10))))))),"") -> -65 | CN6: =IF(AND(ISNUMBER(CM6),逐级计算!$X$91>-1),IF(逐级计算!$X$91=0,CM6+逐级计算!$C$91,CM6+逐级计算!$C$91-(10/(逐级计算!$Q$91*LN(10))*(MAX((LN(10^(逐级计算!$Q$91/10)-1)+逐级计算!$Q$91*(CM6-逐级计算!$P$91)*LN(10)/10),0)+LN(1+EXP(-ABS((LN(10^(逐级计算!$Q$91/10)-1)+逐级计算!$Q$91*(CM6-逐级计算!$P$91)*LN(10)/10))))))),"") -> -65 | CO6: =IF(AND(ISNUMBER(CN6),逐级计算!$X$92>-1),IF(逐级计算!$X$92=0,CN6+逐级计算!$C$92,CN6+逐级计算!$C$92-(10/(逐级计算!$Q$92*LN(10))*(MAX((LN(10^(逐级计算!$Q$92/10)-1)+逐级计算!$Q$92*(CN6-逐级计算!$P$92)*LN(10)/10),0)+LN(1+EXP(-ABS((LN(10^(逐级计算!$Q$92/10)-1)+逐级计算!$Q$92*(CN6-逐级计算!$P$92)*LN(10)/10))))))),"") -> -65 | CP6: =IF(AND(ISNUMBER(CO6),逐级计算!$X$93>-1),IF(逐级计算!$X$93=0,CO6+逐级计算!$C$93,CO6+逐级计算!$C$93-(10/(逐级计算!$Q$93*LN(10))*(MAX((LN(10^(逐级计算!$Q$93/10)-1)+逐级计算!$Q$93*(CO6-逐级计算!$P$93)*LN(10)/10),0)+LN(1+EXP(-ABS((LN(10^(逐级计算!$Q$93/10)-1)+逐级计算!$Q$93*(CO6-逐级计算!$P$93)*LN(10)/10))))))),"") -> -65 | CQ6: =IF(AND(ISNUMBER(CP6),逐级计算!$X$94>-1),IF(逐级计算!$X$94=0,CP6+逐级计算!$C$94,CP6+逐级计算!$C$94-(10/(逐级计算!$Q$94*LN(10))*(MAX((LN(10^(逐级计算!$Q$94/10)-1)+逐级计算!$Q$94*(CP6-逐级计算!$P$94)*LN(10)/10),0)+LN(1+EXP(-ABS((LN(10^(逐级计算!$Q$94/10)-1)+逐级计算!$Q$94*(CP6-逐级计算!$P$94)*LN(10)/10))))))),"") -> -65 | CR6: =IF(AND(ISNUMBER(CQ6),逐级计算!$X$95>-1),IF(逐级计算!$X$95=0,CQ6+逐级计算!$C$95,CQ6+逐级计算!$C$95-(10/(逐级计算!$Q$95*LN(10))*(MAX((LN(10^(逐级计算!$Q$95/10)-1)+逐级计算!$Q$95*(CQ6-逐级计算!$P$95)*LN(10)/10),0)+LN(1+EXP(-ABS((LN(10^(逐级计算!$Q$95/10)-1)+逐级计算!$Q$95*(CQ6-逐级计算!$P$95)*LN(10)/10))))))),"") -> -65 | CS6: =IF(AND(ISNUMBER(CR6),逐级计算!$X$96>-1),IF(逐级计算!$X$96=0,CR6+逐级计算!$C$96,CR6+逐级计算!$C$96-(10/(逐级计算!$Q$96*LN(10))*(MAX((LN(10^(逐级计算!$Q$96/10)-1)+逐级计算!$Q$96*(CR6-逐级计算!$P$96)*LN(10)/10),0)+LN(1+EXP(-ABS((LN(10^(逐级计算!$Q$96/10)-1)+逐级计算!$Q$96*(CR6-逐级计算!$P$96)*LN(10)/10))))))),"") -> -65 | CT6: =IF(AND(ISNUMBER(CS6),逐级计算!$X$97>-1),IF(逐级计算!$X$97=0,CS6+逐级计算!$C$97,CS6+逐级计算!$C$97-(10/(逐级计算!$Q$97*LN(10))*(MAX((LN(10^(逐级计算!$Q$97/10)-1)+逐级计算!$Q$97*(CS6-逐级计算!$P$97)*LN(10)/10),0)+LN(1+EXP(-ABS((LN(10^(逐级计算!$Q$97/10)-1)+逐级计算!$Q$97*(CS6-逐级计算!$P$97)*LN(10)/10))))))),"") -> -65 | CU6: =IF(AND(ISNUMBER(CT6),逐级计算!$X$98>-1),IF(逐级计算!$X$98=0,CT6+逐级计算!$C$98,CT6+逐级计算!$C$98-(10/(逐级计算!$Q$98*LN(10))*(MAX((LN(10^(逐级计算!$Q$98/10)-1)+逐级计算!$Q$98*(CT6-逐级计算!$P$98)*LN(10)/10),0)+LN(1+EXP(-ABS((LN(10^(逐级计算!$Q$98/10)-1)+逐级计算!$Q$98*(CT6-逐级计算!$P$98)*LN(10)/10))))))),"") -> -65 | CV6: =IF(AND(ISNUMBER(CU6),逐级计算!$X$99>-1),IF(逐级计算!$X$99=0,CU6+逐级计算!$C$99,CU6+逐级计算!$C$99-(10/(逐级计算!$Q$99*LN(10))*(MAX((LN(10^(逐级计算!$Q$99/10)-1)+逐级计算!$Q$99*(CU6-逐级计算!$P$99)*LN(10)/10),0)+LN(1+EXP(-ABS((LN(10^(逐级计算!$Q$99/10)-1)+逐级计算!$Q$99*(CU6-逐级计算!$P$99)*LN(10)/10))))))),"") -> -65 | CW6: =IF(AND(ISNUMBER(CV6),逐级计算!$X$100>-1),IF(逐级计算!$X$100=0,CV6+逐级计算!$C$100,CV6+逐级计算!$C$100-(10/(逐级计算!$Q$100*LN(10))*(MAX((LN(10^(逐级计算!$Q$100/10)-1)+逐级计算!$Q$100*(CV6-逐级计算!$P$100)*LN(10)/10),0)+LN(1+EXP(-ABS((LN(10^(逐级计算!$Q$100/10)-1)+逐级计算!$Q$100*(CV6-逐级计算!$P$100)*LN(10)/10))))))),"") -> -65 | CX6: =IF(AND(ISNUMBER(CW6),逐级计算!$X$101>-1),IF(逐级计算!$X$101=0,CW6+逐级计算!$C$101,CW6+逐级计算!$C$101-(10/(逐级计算!$Q$101*LN(10))*(MAX((LN(10^(逐级计算!$Q$101/10)-1)+逐级计算!$Q$101*(CW6-逐级计算!$P$101)*LN(10)/10),0)+LN(1+EXP(-ABS((LN(10^(逐级计算!$Q$101/10)-1)+逐级计算!$Q$101*(CW6-逐级计算!$P$101)*LN(10)/10))))))),"") -> -65 | CY6: =IF(AND(ISNUMBER(CX6),逐级计算!$X$102>-1),IF(逐级计算!$X$102=0,CX6+逐级计算!$C$102,CX6+逐级计算!$C$102-(10/(逐级计算!$Q$102*LN(10))*(MAX((LN(10^(逐级计算!$Q$102/10)-1)+逐级计算!$Q$102*(CX6-逐级计算!$P$102)*LN(10)/10),0)+LN(1+EXP(-ABS((LN(10^(逐级计算!$Q$102/10)-1)+逐级计算!$Q$102*(CX6-逐级计算!$P$102)*LN(10)/10))))))),"") -> -65 | CZ6: =IF(AND(ISNUMBER(CY6),逐级计算!$X$103>-1),IF(逐级计算!$X$103=0,CY6+逐级计算!$C$103,CY6+逐级计算!$C$103-(10/(逐级计算!$Q$103*LN(10))*(MAX((LN(10^(逐级计算!$Q$103/10)-1)+逐级计算!$Q$103*(CY6-逐级计算!$P$103)*LN(10)/10),0)+LN(1+EXP(-ABS((LN(10^(逐级计算!$Q$103/10)-1)+逐级计算!$Q$103*(CY6-逐级计算!$P$103)*LN(10)/10))))))),"") -> -65 | DA6: =IF(AND(ISNUMBER(CZ6),逐级计算!$X$104>-1),IF(逐级计算!$X$104=0,CZ6+逐级计算!$C$104,CZ6+逐级计算!$C$104-(10/(逐级计算!$Q$104*LN(10))*(MAX((LN(10^(逐级计算!$Q$104/10)-1)+逐级计算!$Q$104*(CZ6-逐级计算!$P$104)*LN(10)/10),0)+LN(1+EXP(-ABS((LN(10^(逐级计算!$Q$104/10)-1)+逐级计算!$Q$104*(CZ6-逐级计算!$P$104)*LN(10)/10))))))),"") -> -65 | DB6: =IF(AND(ISNUMBER(DA6),逐级计算!$X$105>-1),IF(逐级计算!$X$105=0,DA6+逐级计算!$C$105,DA6+逐级计算!$C$105-(10/(逐级计算!$Q$105*LN(10))*(MAX((LN(10^(逐级计算!$Q$105/10)-1)+逐级计算!$Q$105*(DA6-逐级计算!$P$105)*LN(10)/10),0)+LN(1+EXP(-ABS((LN(10^(逐级计算!$Q$105/10)-1)+逐级计算!$Q$105*(DA6-逐级计算!$P$105)*LN(10)/10))))))),"") -> -65 | DC6: =IF(AND(ISNUMBER(DB6),逐级计算!$X$106>-1),IF(逐级计算!$X$106=0,DB6+逐级计算!$C$106,DB6+逐级计算!$C$106-(10/(逐级计算!$Q$106*LN(10))*(MAX((LN(10^(逐级计算!$Q$106/10)-1)+逐级计算!$Q$106*(DB6-逐级计算!$P$106)*LN(10)/10),0)+LN(1+EXP(-ABS((LN(10^(逐级计算!$Q$106/10)-1)+逐级计算!$Q$106*(DB6-逐级计算!$P$106)*LN(10)/10))))))),"") -> -65 | DD6: =IF(AND(ISNUMBER(DC6),逐级计算!$X$107>-1),IF(逐级计算!$X$107=0,DC6+逐级计算!$C$107,DC6+逐级计算!$C$107-(10/(逐级计算!$Q$107*LN(10))*(MAX((LN(10^(逐级计算!$Q$107/10)-1)+逐级计算!$Q$107*(DC6-逐级计算!$P$107)*LN(10)/10),0)+LN(1+EXP(-ABS((LN(10^(逐级计算!$Q$107/10)-1)+逐级计算!$Q$107*(DC6-逐级计算!$P$107)*LN(10)/10))))))),"") -> -65 | DE6: =IF(AND(ISNUMBER(DD6),逐级计算!$X$108>-1),IF(逐级计算!$X$108=0,DD6+逐级计算!$C$108,DD6+逐级计算!$C$108-(10/(逐级计算!$Q$108*LN(10))*(MAX((LN(10^(逐级计算!$Q$108/10)-1)+逐级计算!$Q$108*(DD6-逐级计算!$P$108)*LN(10)/10),0)+LN(1+EXP(-ABS((LN(10^(逐级计算!$Q$108/10)-1)+逐级计算!$Q$108*(DD6-逐级计算!$P$108)*LN(10)/10))))))),"") -> -65 | DF6: =IF(AND(ISNUMBER(DE6),逐级计算!$X$109>-1),IF(逐级计算!$X$109=0,DE6+逐级计算!$C$109,DE6+逐级计算!$C$109-(10/(逐级计算!$Q$109*LN(10))*(MAX((LN(10^(逐级计算!$Q$109/10)-1)+逐级计算!$Q$109*(DE6-逐级计算!$P$109)*LN(10)/10),0)+LN(1+EXP(-ABS((LN(10^(逐级计算!$Q$109/10)-1)+逐级计算!$Q$109*(DE6-逐级计算!$P$109)*LN(10)/10))))))),"") -> -65 | DG6: =IF(AND(ISNUMBER(DF6),逐级计算!$X$110>-1),IF(逐级计算!$X$110=0,DF6+逐级计算!$C$110,DF6+逐级计算!$C$110-(10/(逐级计算!$Q$110*LN(10))*(MAX((LN(10^(逐级计算!$Q$110/10)-1)+逐级计算!$Q$110*(DF6-逐级计算!$P$110)*LN(10)/10),0)+LN(1+EXP(-ABS((LN(10^(逐级计算!$Q$110/10)-1)+逐级计算!$Q$110*(DF6-逐级计算!$P$110)*LN(10)/10))))))),"") -> -65 | DH6: =IF(AND(ISNUMBER(DG6),逐级计算!$X$111>-1),IF(逐级计算!$X$111=0,DG6+逐级计算!$C$111,DG6+逐级计算!$C$111-(10/(逐级计算!$Q$111*LN(10))*(MAX((LN(10^(逐级计算!$Q$111/10)-1)+逐级计算!$Q$111*(DG6-逐级计算!$P$111)*LN(10)/10),0)+LN(1+EXP(-ABS((LN(10^(逐级计算!$Q$111/10)-1)+逐级计算!$Q$111*(DG6-逐级计算!$P$111)*LN(10)/10))))))),"") -> -65 | DI6: =IF(AND(ISNUMBER(DH6),逐级计算!$X$112>-1),IF(逐级计算!$X$112=0,DH6+逐级计算!$C$112,DH6+逐级计算!$C$112-(10/(逐级计算!$Q$112*LN(10))*(MAX((LN(10^(逐级计算!$Q$112/10)-1)+逐级计算!$Q$112*(DH6-逐级计算!$P$112)*LN(10)/10),0)+LN(1+EXP(-ABS((LN(10^(逐级计算!$Q$112/10)-1)+逐级计算!$Q$112*(DH6-逐级计算!$P$112)*LN(10)/10))))))),"") -> -65 | DJ6: =IF(AND(ISNUMBER(DI6),逐级计算!$X$113>-1),IF(逐级计算!$X$113=0,DI6+逐级计算!$C$113,DI6+逐级计算!$C$113-(10/(逐级计算!$Q$113*LN(10))*(MAX((LN(10^(逐级计算!$Q$113/10)-1)+逐级计算!$Q$113*(DI6-逐级计算!$P$113)*LN(10)/10),0)+LN(1+EXP(-ABS((LN(10^(逐级计算!$Q$113/10)-1)+逐级计算!$Q$113*(DI6-逐级计算!$P$113)*LN(10)/10))))))),"") -> -65 | DK6: =IF(AND(ISNUMBER(DJ6),逐级计算!$X$114>-1),IF(逐级计算!$X$114=0,DJ6+逐级计算!$C$114,DJ6+逐级计算!$C$114-(10/(逐级计算!$Q$114*LN(10))*(MAX((LN(10^(逐级计算!$Q$114/10)-1)+逐级计算!$Q$114*(DJ6-逐级计算!$P$114)*LN(10)/10),0)+LN(1+EXP(-ABS((LN(10^(逐级计算!$Q$114/10)-1)+逐级计算!$Q$114*(DJ6-逐级计算!$P$114)*LN(10)/10))))))),"") -> -65 | DL6: =IF(AND(ISNUMBER(DK6),逐级计算!$X$115>-1),IF(逐级计算!$X$115=0,DK6+逐级计算!$C$115,DK6+逐级计算!$C$115-(10/(逐级计算!$Q$115*LN(10))*(MAX((LN(10^(逐级计算!$Q$115/10)-1)+逐级计算!$Q$115*(DK6-逐级计算!$P$115)*LN(10)/10),0)+LN(1+EXP(-ABS((LN(10^(逐级计算!$Q$115/10)-1)+逐级计算!$Q$115*(DK6-逐级计算!$P$115)*LN(10)/10))))))),"") -> -65 | DM6: =IF(AND(ISNUMBER(DL6),逐级计算!$X$116>-1),IF(逐级计算!$X$116=0,DL6+逐级计算!$C$116,DL6+逐级计算!$C$116-(10/(逐级计算!$Q$116*LN(10))*(MAX((LN(10^(逐级计算!$Q$116/10)-1)+逐级计算!$Q$116*(DL6-逐级计算!$P$116)*LN(10)/10),0)+LN(1+EXP(-ABS((LN(10^(逐级计算!$Q$116/10)-1)+逐级计算!$Q$116*(DL6-逐级计算!$P$116)*LN(10)/10))))))),"") -> -65 | DN6: =IF(AND(ISNUMBER(DM6),逐级计算!$X$117>-1),IF(逐级计算!$X$117=0,DM6+逐级计算!$C$117,DM6+逐级计算!$C$117-(10/(逐级计算!$Q$117*LN(10))*(MAX((LN(10^(逐级计算!$Q$117/10)-1)+逐级计算!$Q$117*(DM6-逐级计算!$P$117)*LN(10)/10),0)+LN(1+EXP(-ABS((LN(10^(逐级计算!$Q$117/10)-1)+逐级计算!$Q$117*(DM6-逐级计算!$P$117)*LN(10)/10))))))),"") -> -65 | DO6: =IF(AND(ISNUMBER(DN6),逐级计算!$X$118>-1),IF(逐级计算!$X$118=0,DN6+逐级计算!$C$118,DN6+逐级计算!$C$118-(10/(逐级计算!$Q$118*LN(10))*(MAX((LN(10^(逐级计算!$Q$118/10)-1)+逐级计算!$Q$118*(DN6-逐级计算!$P$118)*LN(10)/10),0)+LN(1+EXP(-ABS((LN(10^(逐级计算!$Q$118/10)-1)+逐级计算!$Q$118*(DN6-逐级计算!$P$118)*LN(10)/10))))))),"") -> -65 | DP6: =IF(AND(ISNUMBER(DO6),逐级计算!$X$119>-1),IF(逐级计算!$X$119=0,DO6+逐级计算!$C$119,DO6+逐级计算!$C$119-(10/(逐级计算!$Q$119*LN(10))*(MAX((LN(10^(逐级计算!$Q$119/10)-1)+逐级计算!$Q$119*(DO6-逐级计算!$P$119)*LN(10)/10),0)+LN(1+EXP(-ABS((LN(10^(逐级计算!$Q$119/10)-1)+逐级计算!$Q$119*(DO6-逐级计算!$P$119)*LN(10)/10))))))),"") -> -65 | DQ6: =IF(AND(ISNUMBER(DP6),逐级计算!$X$120>-1),IF(逐级计算!$X$120=0,DP6+逐级计算!$C$120,DP6+逐级计算!$C$120-(10/(逐级计算!$Q$120*LN(10))*(MAX((LN(10^(逐级计算!$Q$120/10)-1)+逐级计算!$Q$120*(DP6-逐级计算!$P$120)*LN(10)/10),0)+LN(1+EXP(-ABS((LN(10^(逐级计算!$Q$120/10)-1)+逐级计算!$Q$120*(DP6-逐级计算!$P$120)*LN(10)/10))))))),"") -> -65 | DR6: =IF(AND(ISNUMBER(DQ6),逐级计算!$X$121>-1),IF(逐级计算!$X$121=0,DQ6+逐级计算!$C$121,DQ6+逐级计算!$C$121-(10/(逐级计算!$Q$121*LN(10))*(MAX((LN(10^(逐级计算!$Q$121/10)-1)+逐级计算!$Q$121*(DQ6-逐级计算!$P$121)*LN(10)/10),0)+LN(1+EXP(-ABS((LN(10^(逐级计算!$Q$121/10)-1)+逐级计算!$Q$121*(DQ6-逐级计算!$P$121)*LN(10)/10))))))),"") -> -65 | DS6: =IF(AND(ISNUMBER(DR6),逐级计算!$X$122>-1),IF(逐级计算!$X$122=0,DR6+逐级计算!$C$122,DR6+逐级计算!$C$122-(10/(逐级计算!$Q$122*LN(10))*(MAX((LN(10^(逐级计算!$Q$122/10)-1)+逐级计算!$Q$122*(DR6-逐级计算!$P$122)*LN(10)/10),0)+LN(1+EXP(-ABS((LN(10^(逐级计算!$Q$122/10)-1)+逐级计算!$Q$122*(DR6-逐级计算!$P$122)*LN(10)/10))))))),"") -> -65 | DT6: =IF(AND(ISNUMBER(DS6),逐级计算!$X$123>-1),IF(逐级计算!$X$123=0,DS6+逐级计算!$C$123,DS6+逐级计算!$C$123-(10/(逐级计算!$Q$123*LN(10))*(MAX((LN(10^(逐级计算!$Q$123/10)-1)+逐级计算!$Q$123*(DS6-逐级计算!$P$123)*LN(10)/10),0)+LN(1+EXP(-ABS((LN(10^(逐级计算!$Q$123/10)-1)+逐级计算!$Q$123*(DS6-逐级计算!$P$123)*LN(10)/10))))))),"") -> -65 | DU6: =IF(AND(ISNUMBER(DT6),逐级计算!$X$124>-1),IF(逐级计算!$X$124=0,DT6+逐级计算!$C$124,DT6+逐级计算!$C$124-(10/(逐级计算!$Q$124*LN(10))*(MAX((LN(10^(逐级计算!$Q$124/10)-1)+逐级计算!$Q$124*(DT6-逐级计算!$P$124)*LN(10)/10),0)+LN(1+EXP(-ABS((LN(10^(逐级计算!$Q$124/10)-1)+逐级计算!$Q$124*(DT6-逐级计算!$P$124)*LN(10)/10))))))),"") -> -65 | DV6: =IF(AND(ISNUMBER(DU6),逐级计算!$X$125>-1),IF(逐级计算!$X$125=0,DU6+逐级计算!$C$125,DU6+逐级计算!$C$125-(10/(逐级计算!$Q$125*LN(10))*(MAX((LN(10^(逐级计算!$Q$125/10)-1)+逐级计算!$Q$125*(DU6-逐级计算!$P$125)*LN(10)/10),0)+LN(1+EXP(-ABS((LN(10^(逐级计算!$Q$125/10)-1)+逐级计算!$Q$125*(DU6-逐级计算!$P$125)*LN(10)/10))))))),"") -> -65 | DW6: =IF(AND(ISNUMBER(DV6),逐级计算!$X$126>-1),IF(逐级计算!$X$126=0,DV6+逐级计算!$C$126,DV6+逐级计算!$C$126-(10/(逐级计算!$Q$126*LN(10))*(MAX((LN(10^(逐级计算!$Q$126/10)-1)+逐级计算!$Q$126*(DV6-逐级计算!$P$126)*LN(10)/10),0)+LN(1+EXP(-ABS((LN(10^(逐级计算!$Q$126/10)-1)+逐级计算!$Q$126*(DV6-逐级计算!$P$126)*LN(10)/10))))))),"") -> -65 | DX6: =IF(AND(ISNUMBER(DW6),逐级计算!$X$127>-1),IF(逐级计算!$X$127=0,DW6+逐级计算!$C$127,DW6+逐级计算!$C$127-(10/(逐级计算!$Q$127*LN(10))*(MAX((LN(10^(逐级计算!$Q$127/10)-1)+逐级计算!$Q$127*(DW6-逐级计算!$P$127)*LN(10)/10),0)+LN(1+EXP(-ABS((LN(10^(逐级计算!$Q$127/10)-1)+逐级计算!$Q$127*(DW6-逐级计算!$P$127)*LN(10)/10))))))),"") -> -65 | DY6: =IF(AND(ISNUMBER(DX6),逐级计算!$X$128>-1),IF(逐级计算!$X$128=0,DX6+逐级计算!$C$128,DX6+逐级计算!$C$128-(10/(逐级计算!$Q$128*LN(10))*(MAX((LN(10^(逐级计算!$Q$128/10)-1)+逐级计算!$Q$128*(DX6-逐级计算!$P$128)*LN(10)/10),0)+LN(1+EXP(-ABS((LN(10^(逐级计算!$Q$128/10)-1)+逐级计算!$Q$128*(DX6-逐级计算!$P$128)*LN(10)/10))))))),"") -> -65 | DZ6: =IF(AND(ISNUMBER(DY6),逐级计算!$X$129>-1),IF(逐级计算!$X$129=0,DY6+逐级计算!$C$129,DY6+逐级计算!$C$129-(10/(逐级计算!$Q$129*LN(10))*(MAX((LN(10^(逐级计算!$Q$129/10)-1)+逐级计算!$Q$129*(DY6-逐级计算!$P$129)*LN(10)/10),0)+LN(1+EXP(-ABS((LN(10^(逐级计算!$Q$129/10)-1)+逐级计算!$Q$129*(DY6-逐级计算!$P$129)*LN(10)/10))))))),"") -> -65 | EA6: =IF(AND(ISNUMBER(DZ6),逐级计算!$X$130>-1),IF(逐级计算!$X$130=0,DZ6+逐级计算!$C$130,DZ6+逐级计算!$C$130-(10/(逐级计算!$Q$130*LN(10))*(MAX((LN(10^(逐级计算!$Q$130/10)-1)+逐级计算!$Q$130*(DZ6-逐级计算!$P$130)*LN(10)/10),0)+LN(1+EXP(-ABS((LN(10^(逐级计算!$Q$130/10)-1)+逐级计算!$Q$130*(DZ6-逐级计算!$P$130)*LN(10)/10))))))),"") -> -65 | EB6: =IF(AND(ISNUMBER(EA6),逐级计算!$X$131>-1),IF(逐级计算!$X$131=0,EA6+逐级计算!$C$131,EA6+逐级计算!$C$131-(10/(逐级计算!$Q$131*LN(10))*(MAX((LN(10^(逐级计算!$Q$131/10)-1)+逐级计算!$Q$131*(EA6-逐级计算!$P$131)*LN(10)/10),0)+LN(1+EXP(-ABS((LN(10^(逐级计算!$Q$131/10)-1)+逐级计算!$Q$131*(EA6-逐级计算!$P$131)*LN(10)/10))))))),"") -> -65 | EC6: =IF(AND(ISNUMBER(EB6),逐级计算!$X$132>-1),IF(逐级计算!$X$132=0,EB6+逐级计算!$C$132,EB6+逐级计算!$C$132-(10/(逐级计算!$Q$132*LN(10))*(MAX((LN(10^(逐级计算!$Q$132/10)-1)+逐级计算!$Q$132*(EB6-逐级计算!$P$132)*LN(10)/10),0)+LN(1+EXP(-ABS((LN(10^(逐级计算!$Q$132/10)-1)+逐级计算!$Q$132*(EB6-逐级计算!$P$132)*LN(10)/10))))))),"") -> -65 | ED6: =IF(AND(ISNUMBER(EC6),逐级计算!$X$133>-1),IF(逐级计算!$X$133=0,EC6+逐级计算!$C$133,EC6+逐级计算!$C$133-(10/(逐级计算!$Q$133*LN(10))*(MAX((LN(10^(逐级计算!$Q$133/10)-1)+逐级计算!$Q$133*(EC6-逐级计算!$P$133)*LN(10)/10),0)+LN(1+EXP(-ABS((LN(10^(逐级计算!$Q$133/10)-1)+逐级计算!$Q$133*(EC6-逐级计算!$P$133)*LN(10)/10))))))),"") -> -65 | EE6: =IF(AND(ISNUMBER(ED6),逐级计算!$X$134>-1),IF(逐级计算!$X$134=0,ED6+逐级计算!$C$134,ED6+逐级计算!$C$134-(10/(逐级计算!$Q$134*LN(10))*(MAX((LN(10^(逐级计算!$Q$134/10)-1)+逐级计算!$Q$134*(ED6-逐级计算!$P$134)*LN(10)/10),0)+LN(1+EXP(-ABS((LN(10^(逐级计算!$Q$134/10)-1)+逐级计算!$Q$134*(ED6-逐级计算!$P$134)*LN(10)/10))))))),"") -> -65 | EF6: =IF(AND(ISNUMBER(EE6),逐级计算!$X$135>-1),IF(逐级计算!$X$135=0,EE6+逐级计算!$C$135,EE6+逐级计算!$C$135-(10/(逐级计算!$Q$135*LN(10))*(MAX((LN(10^(逐级计算!$Q$135/10)-1)+逐级计算!$Q$135*(EE6-逐级计算!$P$135)*LN(10)/10),0)+LN(1+EXP(-ABS((LN(10^(逐级计算!$Q$135/10)-1)+逐级计算!$Q$135*(EE6-逐级计算!$P$135)*LN(10)/10))))))),"") -> -65 | EG6: =IF(AND(ISNUMBER(EF6),逐级计算!$X$136>-1),IF(逐级计算!$X$136=0,EF6+逐级计算!$C$136,EF6+逐级计算!$C$136-(10/(逐级计算!$Q$136*LN(10))*(MAX((LN(10^(逐级计算!$Q$136/10)-1)+逐级计算!$Q$136*(EF6-逐级计算!$P$136)*LN(10)/10),0)+LN(1+EXP(-ABS((LN(10^(逐级计算!$Q$136/10)-1)+逐级计算!$Q$136*(EF6-逐级计算!$P$136)*LN(10)/10))))))),"") -> -65 | EH6: =IF(AND(ISNUMBER(EG6),逐级计算!$X$137>-1),IF(逐级计算!$X$137=0,EG6+逐级计算!$C$137,EG6+逐级计算!$C$137-(10/(逐级计算!$Q$137*LN(10))*(MAX((LN(10^(逐级计算!$Q$137/10)-1)+逐级计算!$Q$137*(EG6-逐级计算!$P$137)*LN(10)/10),0)+LN(1+EXP(-ABS((LN(10^(逐级计算!$Q$137/10)-1)+逐级计算!$Q$137*(EG6-逐级计算!$P$137)*LN(10)/10))))))),"") -> -65 | EI6: =IF(AND(ISNUMBER(EH6),逐级计算!$X$138>-1),IF(逐级计算!$X$138=0,EH6+逐级计算!$C$138,EH6+逐级计算!$C$138-(10/(逐级计算!$Q$138*LN(10))*(MAX((LN(10^(逐级计算!$Q$138/10)-1)+逐级计算!$Q$138*(EH6-逐级计算!$P$138)*LN(10)/10),0)+LN(1+EXP(-ABS((LN(10^(逐级计算!$Q$138/10)-1)+逐级计算!$Q$138*(EH6-逐级计算!$P$138)*LN(10)/10))))))),"") -> -65 | EJ6: =IF(AND(ISNUMBER(EI6),逐级计算!$X$139>-1),IF(逐级计算!$X$139=0,EI6+逐级计算!$C$139,EI6+逐级计算!$C$139-(10/(逐级计算!$Q$139*LN(10))*(MAX((LN(10^(逐级计算!$Q$139/10)-1)+逐级计算!$Q$139*(EI6-逐级计算!$P$139)*LN(10)/10),0)+LN(1+EXP(-ABS((LN(10^(逐级计算!$Q$139/10)-1)+逐级计算!$Q$139*(EI6-逐级计算!$P$139)*LN(10)/10))))))),"") -> -65 | EK6: =IF(AND(ISNUMBER(EJ6),逐级计算!$X$140>-1),IF(逐级计算!$X$140=0,EJ6+逐级计算!$C$140,EJ6+逐级计算!$C$140-(10/(逐级计算!$Q$140*LN(10))*(MAX((LN(10^(逐级计算!$Q$140/10)-1)+逐级计算!$Q$140*(EJ6-逐级计算!$P$140)*LN(10)/10),0)+LN(1+EXP(-ABS((LN(10^(逐级计算!$Q$140/10)-1)+逐级计算!$Q$140*(EJ6-逐级计算!$P$140)*LN(10)/10))))))),"") -> -65 | EL6: =IF(AND(ISNUMBER(EK6),逐级计算!$X$141>-1),IF(逐级计算!$X$141=0,EK6+逐级计算!$C$141,EK6+逐级计算!$C$141-(10/(逐级计算!$Q$141*LN(10))*(MAX((LN(10^(逐级计算!$Q$141/10)-1)+逐级计算!$Q$141*(EK6-逐级计算!$P$141)*LN(10)/10),0)+LN(1+EXP(-ABS((LN(10^(逐级计算!$Q$141/10)-1)+逐级计算!$Q$141*(EK6-逐级计算!$P$141)*LN(10)/10))))))),"") -> -65 | EM6: =IF(AND(ISNUMBER(EL6),逐级计算!$X$142>-1),IF(逐级计算!$X$142=0,EL6+逐级计算!$C$142,EL6+逐级计算!$C$142-(10/(逐级计算!$Q$142*LN(10))*(MAX((LN(10^(逐级计算!$Q$142/10)-1)+逐级计算!$Q$142*(EL6-逐级计算!$P$142)*LN(10)/10),0)+LN(1+EXP(-ABS((LN(10^(逐级计算!$Q$142/10)-1)+逐级计算!$Q$142*(EL6-逐级计算!$P$142)*LN(10)/10))))))),"") -> -65 | EN6: =IF(AND(ISNUMBER(EM6),逐级计算!$X$143>-1),IF(逐级计算!$X$143=0,EM6+逐级计算!$C$143,EM6+逐级计算!$C$143-(10/(逐级计算!$Q$143*LN(10))*(MAX((LN(10^(逐级计算!$Q$143/10)-1)+逐级计算!$Q$143*(EM6-逐级计算!$P$143)*LN(10)/10),0)+LN(1+EXP(-ABS((LN(10^(逐级计算!$Q$143/10)-1)+逐级计算!$Q$143*(EM6-逐级计算!$P$143)*LN(10)/10))))))),"") -> -65 | EO6: =IF(AND(ISNUMBER(EN6),逐级计算!$X$144>-1),IF(逐级计算!$X$144=0,EN6+逐级计算!$C$144,EN6+逐级计算!$C$144-(10/(逐级计算!$Q$144*LN(10))*(MAX((LN(10^(逐级计算!$Q$144/10)-1)+逐级计算!$Q$144*(EN6-逐级计算!$P$144)*LN(10)/10),0)+LN(1+EXP(-ABS((LN(10^(逐级计算!$Q$144/10)-1)+逐级计算!$Q$144*(EN6-逐级计算!$P$144)*LN(10)/10))))))),"") -> -65 | EP6: =IF(AND(ISNUMBER(EO6),逐级计算!$X$145>-1),IF(逐级计算!$X$145=0,EO6+逐级计算!$C$145,EO6+逐级计算!$C$145-(10/(逐级计算!$Q$145*LN(10))*(MAX((LN(10^(逐级计算!$Q$145/10)-1)+逐级计算!$Q$145*(EO6-逐级计算!$P$145)*LN(10)/10),0)+LN(1+EXP(-ABS((LN(10^(逐级计算!$Q$145/10)-1)+逐级计算!$Q$145*(EO6-逐级计算!$P$145)*LN(10)/10))))))),"") -> -65 | EQ6: =IF(AND(ISNUMBER(EP6),逐级计算!$X$146>-1),IF(逐级计算!$X$146=0,EP6+逐级计算!$C$146,EP6+逐级计算!$C$146-(10/(逐级计算!$Q$146*LN(10))*(MAX((LN(10^(逐级计算!$Q$146/10)-1)+逐级计算!$Q$146*(EP6-逐级计算!$P$146)*LN(10)/10),0)+LN(1+EXP(-ABS((LN(10^(逐级计算!$Q$146/10)-1)+逐级计算!$Q$146*(EP6-逐级计算!$P$146)*LN(10)/10))))))),"") -> -65 | ER6: =IF(AND(ISNUMBER(EQ6),逐级计算!$X$147>-1),IF(逐级计算!$X$147=0,EQ6+逐级计算!$C$147,EQ6+逐级计算!$C$147-(10/(逐级计算!$Q$147*LN(10))*(MAX((LN(10^(逐级计算!$Q$147/10)-1)+逐级计算!$Q$147*(EQ6-逐级计算!$P$147)*LN(10)/10),0)+LN(1+EXP(-ABS((LN(10^(逐级计算!$Q$147/10)-1)+逐级计算!$Q$147*(EQ6-逐级计算!$P$147)*LN(10)/10))))))),"") -> -65 | ES6: =IF(AND(ISNUMBER(ER6),逐级计算!$X$148>-1),IF(逐级计算!$X$148=0,ER6+逐级计算!$C$148,ER6+逐级计算!$C$148-(10/(逐级计算!$Q$148*LN(10))*(MAX((LN(10^(逐级计算!$Q$148/10)-1)+逐级计算!$Q$148*(ER6-逐级计算!$P$148)*LN(10)/10),0)+LN(1+EXP(-ABS((LN(10^(逐级计算!$Q$148/10)-1)+逐级计算!$Q$148*(ER6-逐级计算!$P$148)*LN(10)/10))))))),"") -> -65 | ET6: =IF(AND(ISNUMBER(ES6),逐级计算!$X$149>-1),IF(逐级计算!$X$149=0,ES6+逐级计算!$C$149,ES6+逐级计算!$C$149-(10/(逐级计算!$Q$149*LN(10))*(MAX((LN(10^(逐级计算!$Q$149/10)-1)+逐级计算!$Q$149*(ES6-逐级计算!$P$149)*LN(10)/10),0)+LN(1+EXP(-ABS((LN(10^(逐级计算!$Q$149/10)-1)+逐级计算!$Q$149*(ES6-逐级计算!$P$149)*LN(10)/10))))))),"") -> -65 | EU6: =IF(AND(ISNUMBER(ET6),逐级计算!$X$150>-1),IF(逐级计算!$X$150=0,ET6+逐级计算!$C$150,ET6+逐级计算!$C$150-(10/(逐级计算!$Q$150*LN(10))*(MAX((LN(10^(逐级计算!$Q$150/10)-1)+逐级计算!$Q$150*(ET6-逐级计算!$P$150)*LN(10)/10),0)+LN(1+EXP(-ABS((LN(10^(逐级计算!$Q$150/10)-1)+逐级计算!$Q$150*(ET6-逐级计算!$P$150)*LN(10)/10))))))),"") -> -65 | EV6: =IF(AND(ISNUMBER(EU6),逐级计算!$X$151>-1),IF(逐级计算!$X$151=0,EU6+逐级计算!$C$151,EU6+逐级计算!$C$151-(10/(逐级计算!$Q$151*LN(10))*(MAX((LN(10^(逐级计算!$Q$151/10)-1)+逐级计算!$Q$151*(EU6-逐级计算!$P$151)*LN(10)/10),0)+LN(1+EXP(-ABS((LN(10^(逐级计算!$Q$151/10)-1)+逐级计算!$Q$151*(EU6-逐级计算!$P$151)*LN(10)/10))))))),"") -> -65 | EW6: =IF(AND(ISNUMBER(EV6),逐级计算!$X$152>-1),IF(逐级计算!$X$152=0,EV6+逐级计算!$C$152,EV6+逐级计算!$C$152-(10/(逐级计算!$Q$152*LN(10))*(MAX((LN(10^(逐级计算!$Q$152/10)-1)+逐级计算!$Q$152*(EV6-逐级计算!$P$152)*LN(10)/10),0)+LN(1+EXP(-ABS((LN(10^(逐级计算!$Q$152/10)-1)+逐级计算!$Q$152*(EV6-逐级计算!$P$152)*LN(10)/10))))))),"") -> -65 | EX6: =IF(AND(ISNUMBER(EW6),逐级计算!$X$153>-1),IF(逐级计算!$X$153=0,EW6+逐级计算!$C$153,EW6+逐级计算!$C$153-(10/(逐级计算!$Q$153*LN(10))*(MAX((LN(10^(逐级计算!$Q$153/10)-1)+逐级计算!$Q$153*(EW6-逐级计算!$P$153)*LN(10)/10),0)+LN(1+EXP(-ABS((LN(10^(逐级计算!$Q$153/10)-1)+逐级计算!$Q$153*(EW6-逐级计算!$P$153)*LN(10)/10))))))),"") -> -65 | EY6: =IF(AND(ISNUMBER(EX6),逐级计算!$X$154>-1),IF(逐级计算!$X$154=0,EX6+逐级计算!$C$154,EX6+逐级计算!$C$154-(10/(逐级计算!$Q$154*LN(10))*(MAX((LN(10^(逐级计算!$Q$154/10)-1)+逐级计算!$Q$154*(EX6-逐级计算!$P$154)*LN(10)/10),0)+LN(1+EXP(-ABS((LN(10^(逐级计算!$Q$154/10)-1)+逐级计算!$Q$154*(EX6-逐级计算!$P$154)*LN(10)/10))))))),"") -> -65 | EZ6: =IF(AND(ISNUMBER(EY6),逐级计算!$X$155>-1),IF(逐级计算!$X$155=0,EY6+逐级计算!$C$155,EY6+逐级计算!$C$155-(10/(逐级计算!$Q$155*LN(10))*(MAX((LN(10^(逐级计算!$Q$155/10)-1)+逐级计算!$Q$155*(EY6-逐级计算!$P$155)*LN(10)/10),0)+LN(1+EXP(-ABS((LN(10^(逐级计算!$Q$155/10)-1)+逐级计算!$Q$155*(EY6-逐级计算!$P$155)*LN(10)/10))))))),"") -> -65 | FA6: =IF(AND(ISNUMBER(EZ6),逐级计算!$X$156>-1),IF(逐级计算!$X$156=0,EZ6+逐级计算!$C$156,EZ6+逐级计算!$C$156-(10/(逐级计算!$Q$156*LN(10))*(MAX((LN(10^(逐级计算!$Q$156/10)-1)+逐级计算!$Q$156*(EZ6-逐级计算!$P$156)*LN(10)/10),0)+LN(1+EXP(-ABS((LN(10^(逐级计算!$Q$156/10)-1)+逐级计算!$Q$156*(EZ6-逐级计算!$P$156)*LN(10)/10))))))),"") -> -65 | FB6: =IF(AND(ISNUMBER(FA6),逐级计算!$X$157>-1),IF(逐级计算!$X$157=0,FA6+逐级计算!$C$157,FA6+逐级计算!$C$157-(10/(逐级计算!$Q$157*LN(10))*(MAX((LN(10^(逐级计算!$Q$157/10)-1)+逐级计算!$Q$157*(FA6-逐级计算!$P$157)*LN(10)/10),0)+LN(1+EXP(-ABS((LN(10^(逐级计算!$Q$157/10)-1)+逐级计算!$Q$157*(FA6-逐级计算!$P$157)*LN(10)/10))))))),"") -> -65 | FC6: =IF(AND(ISNUMBER(FB6),逐级计算!$X$158>-1),IF(逐级计算!$X$158=0,FB6+逐级计算!$C$158,FB6+逐级计算!$C$158-(10/(逐级计算!$Q$158*LN(10))*(MAX((LN(10^(逐级计算!$Q$158/10)-1)+逐级计算!$Q$158*(FB6-逐级计算!$P$158)*LN(10)/10),0)+LN(1+EXP(-ABS((LN(10^(逐级计算!$Q$158/10)-1)+逐级计算!$Q$158*(FB6-逐级计算!$P$158)*LN(10)/10))))))),"") -> -65 | FD6: =IF(AND(ISNUMBER(FC6),逐级计算!$X$159>-1),IF(逐级计算!$X$159=0,FC6+逐级计算!$C$159,FC6+逐级计算!$C$159-(10/(逐级计算!$Q$159*LN(10))*(MAX((LN(10^(逐级计算!$Q$159/10)-1)+逐级计算!$Q$159*(FC6-逐级计算!$P$159)*LN(10)/10),0)+LN(1+EXP(-ABS((LN(10^(逐级计算!$Q$159/10)-1)+逐级计算!$Q$159*(FC6-逐级计算!$P$159)*LN(10)/10))))))),"") -> -65 | FE6: =IF(AND(ISNUMBER(FD6),逐级计算!$X$160>-1),IF(逐级计算!$X$160=0,FD6+逐级计算!$C$160,FD6+逐级计算!$C$160-(10/(逐级计算!$Q$160*LN(10))*(MAX((LN(10^(逐级计算!$Q$160/10)-1)+逐级计算!$Q$160*(FD6-逐级计算!$P$160)*LN(10)/10),0)+LN(1+EXP(-ABS((LN(10^(逐级计算!$Q$160/10)-1)+逐级计算!$Q$160*(FD6-逐级计算!$P$160)*LN(10)/10))))))),"") -> -65 | FF6: =IF(AND(ISNUMBER(FE6),逐级计算!$X$161>-1),IF(逐级计算!$X$161=0,FE6+逐级计算!$C$161,FE6+逐级计算!$C$161-(10/(逐级计算!$Q$161*LN(10))*(MAX((LN(10^(逐级计算!$Q$161/10)-1)+逐级计算!$Q$161*(FE6-逐级计算!$P$161)*LN(10)/10),0)+LN(1+EXP(-ABS((LN(10^(逐级计算!$Q$161/10)-1)+逐级计算!$Q$161*(FE6-逐级计算!$P$161)*LN(10)/10))))))),"") -> -65 | FG6: =IF(AND(ISNUMBER(FF6),逐级计算!$X$162>-1),IF(逐级计算!$X$162=0,FF6+逐级计算!$C$162,FF6+逐级计算!$C$162-(10/(逐级计算!$Q$162*LN(10))*(MAX((LN(10^(逐级计算!$Q$162/10)-1)+逐级计算!$Q$162*(FF6-逐级计算!$P$162)*LN(10)/10),0)+LN(1+EXP(-ABS((LN(10^(逐级计算!$Q$162/10)-1)+逐级计算!$Q$162*(FF6-逐级计算!$P$162)*LN(10)/10))))))),"") -> -65 | FH6: =IF(AND(ISNUMBER(FG6),逐级计算!$X$163>-1),IF(逐级计算!$X$163=0,FG6+逐级计算!$C$163,FG6+逐级计算!$C$163-(10/(逐级计算!$Q$163*LN(10))*(MAX((LN(10^(逐级计算!$Q$163/10)-1)+逐级计算!$Q$163*(FG6-逐级计算!$P$163)*LN(10)/10),0)+LN(1+EXP(-ABS((LN(10^(逐级计算!$Q$163/10)-1)+逐级计算!$Q$163*(FG6-逐级计算!$P$163)*LN(10)/10))))))),"") -> -65 | FI6: =IF(AND(ISNUMBER(FH6),逐级计算!$X$164>-1),IF(逐级计算!$X$164=0,FH6+逐级计算!$C$164,FH6+逐级计算!$C$164-(10/(逐级计算!$Q$164*LN(10))*(MAX((LN(10^(逐级计算!$Q$164/10)-1)+逐级计算!$Q$164*(FH6-逐级计算!$P$164)*LN(10)/10),0)+LN(1+EXP(-ABS((LN(10^(逐级计算!$Q$164/10)-1)+逐级计算!$Q$164*(FH6-逐级计算!$P$164)*LN(10)/10))))))),"") -> -65 | FJ6: =IF(AND(ISNUMBER(FI6),逐级计算!$X$165>-1),IF(逐级计算!$X$165=0,FI6+逐级计算!$C$165,FI6+逐级计算!$C$165-(10/(逐级计算!$Q$165*LN(10))*(MAX((LN(10^(逐级计算!$Q$165/10)-1)+逐级计算!$Q$165*(FI6-逐级计算!$P$165)*LN(10)/10),0)+LN(1+EXP(-ABS((LN(10^(逐级计算!$Q$165/10)-1)+逐级计算!$Q$165*(FI6-逐级计算!$P$165)*LN(10)/10))))))),"") -> -65 | FK6: =IF(AND(ISNUMBER(FJ6),逐级计算!$X$166>-1),IF(逐级计算!$X$166=0,FJ6+逐级计算!$C$166,FJ6+逐级计算!$C$166-(10/(逐级计算!$Q$166*LN(10))*(MAX((LN(10^(逐级计算!$Q$166/10)-1)+逐级计算!$Q$166*(FJ6-逐级计算!$P$166)*LN(10)/10),0)+LN(1+EXP(-ABS((LN(10^(逐级计算!$Q$166/10)-1)+逐级计算!$Q$166*(FJ6-逐级计算!$P$166)*LN(10)/10))))))),"") -> -65 | FL6: =IF(AND(ISNUMBER(FK6),逐级计算!$X$167>-1),IF(逐级计算!$X$167=0,FK6+逐级计算!$C$167,FK6+逐级计算!$C$167-(10/(逐级计算!$Q$167*LN(10))*(MAX((LN(10^(逐级计算!$Q$167/10)-1)+逐级计算!$Q$167*(FK6-逐级计算!$P$167)*LN(10)/10),0)+LN(1+EXP(-ABS((LN(10^(逐级计算!$Q$167/10)-1)+逐级计算!$Q$167*(FK6-逐级计算!$P$167)*LN(10)/10))))))),"") -> -65 | FM6: =IF(AND(ISNUMBER(FL6),逐级计算!$X$168>-1),IF(逐级计算!$X$168=0,FL6+逐级计算!$C$168,FL6+逐级计算!$C$168-(10/(逐级计算!$Q$168*LN(10))*(MAX((LN(10^(逐级计算!$Q$168/10)-1)+逐级计算!$Q$168*(FL6-逐级计算!$P$168)*LN(10)/10),0)+LN(1+EXP(-ABS((LN(10^(逐级计算!$Q$168/10)-1)+逐级计算!$Q$168*(FL6-逐级计算!$P$168)*LN(10)/10))))))),"") -> -65 | FN6: =IF(AND(ISNUMBER(FM6),逐级计算!$X$169>-1),IF(逐级计算!$X$169=0,FM6+逐级计算!$C$169,FM6+逐级计算!$C$169-(10/(逐级计算!$Q$169*LN(10))*(MAX((LN(10^(逐级计算!$Q$169/10)-1)+逐级计算!$Q$169*(FM6-逐级计算!$P$169)*LN(10)/10),0)+LN(1+EXP(-ABS((LN(10^(逐级计算!$Q$169/10)-1)+逐级计算!$Q$169*(FM6-逐级计算!$P$169)*LN(10)/10))))))),"") -> -65 | FO6: =IF(AND(ISNUMBER(FN6),逐级计算!$X$170>-1),IF(逐级计算!$X$170=0,FN6+逐级计算!$C$170,FN6+逐级计算!$C$170-(10/(逐级计算!$Q$170*LN(10))*(MAX((LN(10^(逐级计算!$Q$170/10)-1)+逐级计算!$Q$170*(FN6-逐级计算!$P$170)*LN(10)/10),0)+LN(1+EXP(-ABS((LN(10^(逐级计算!$Q$170/10)-1)+逐级计算!$Q$170*(FN6-逐级计算!$P$170)*LN(10)/10))))))),"") -> -65 | FP6: =IF(AND(ISNUMBER(FO6),逐级计算!$X$171>-1),IF(逐级计算!$X$171=0,FO6+逐级计算!$C$171,FO6+逐级计算!$C$171-(10/(逐级计算!$Q$171*LN(10))*(MAX((LN(10^(逐级计算!$Q$171/10)-1)+逐级计算!$Q$171*(FO6-逐级计算!$P$171)*LN(10)/10),0)+LN(1+EXP(-ABS((LN(10^(逐级计算!$Q$171/10)-1)+逐级计算!$Q$171*(FO6-逐级计算!$P$171)*LN(10)/10))))))),"") -> -65 | FQ6: =IF(AND(ISNUMBER(FP6),逐级计算!$X$172>-1),IF(逐级计算!$X$172=0,FP6+逐级计算!$C$172,FP6+逐级计算!$C$172-(10/(逐级计算!$Q$172*LN(10))*(MAX((LN(10^(逐级计算!$Q$172/10)-1)+逐级计算!$Q$172*(FP6-逐级计算!$P$172)*LN(10)/10),0)+LN(1+EXP(-ABS((LN(10^(逐级计算!$Q$172/10)-1)+逐级计算!$Q$172*(FP6-逐级计算!$P$172)*LN(10)/10))))))),"") -> -65 | FR6: =IF(AND(ISNUMBER(FQ6),逐级计算!$X$173>-1),IF(逐级计算!$X$173=0,FQ6+逐级计算!$C$173,FQ6+逐级计算!$C$173-(10/(逐级计算!$Q$173*LN(10))*(MAX((LN(10^(逐级计算!$Q$173/10)-1)+逐级计算!$Q$173*(FQ6-逐级计算!$P$173)*LN(10)/10),0)+LN(1+EXP(-ABS((LN(10^(逐级计算!$Q$173/10)-1)+逐级计算!$Q$173*(FQ6-逐级计算!$P$173)*LN(10)/10))))))),"") -> -65 | FS6: =IF(AND(ISNUMBER(FR6),逐级计算!$X$174>-1),IF(逐级计算!$X$174=0,FR6+逐级计算!$C$174,FR6+逐级计算!$C$174-(10/(逐级计算!$Q$174*LN(10))*(MAX((LN(10^(逐级计算!$Q$174/10)-1)+逐级计算!$Q$174*(FR6-逐级计算!$P$174)*LN(10)/10),0)+LN(1+EXP(-ABS((LN(10^(逐级计算!$Q$174/10)-1)+逐级计算!$Q$174*(FR6-逐级计算!$P$174)*LN(10)/10))))))),"") -> -65 | FT6: =IF(AND(ISNUMBER(FS6),逐级计算!$X$175>-1),IF(逐级计算!$X$175=0,FS6+逐级计算!$C$175,FS6+逐级计算!$C$175-(10/(逐级计算!$Q$175*LN(10))*(MAX((LN(10^(逐级计算!$Q$175/10)-1)+逐级计算!$Q$175*(FS6-逐级计算!$P$175)*LN(10)/10),0)+LN(1+EXP(-ABS((LN(10^(逐级计算!$Q$175/10)-1)+逐级计算!$Q$175*(FS6-逐级计算!$P$175)*LN(10)/10))))))),"") -> -65 | FU6: =IF(AND(ISNUMBER(FT6),逐级计算!$X$176>-1),IF(逐级计算!$X$176=0,FT6+逐级计算!$C$176,FT6+逐级计算!$C$176-(10/(逐级计算!$Q$176*LN(10))*(MAX((LN(10^(逐级计算!$Q$176/10)-1)+逐级计算!$Q$176*(FT6-逐级计算!$P$176)*LN(10)/10),0)+LN(1+EXP(-ABS((LN(10^(逐级计算!$Q$176/10)-1)+逐级计算!$Q$176*(FT6-逐级计算!$P$176)*LN(10)/10))))))),"") -> -65 | FV6: =IF(AND(ISNUMBER(FU6),逐级计算!$X$177>-1),IF(逐级计算!$X$177=0,FU6+逐级计算!$C$177,FU6+逐级计算!$C$177-(10/(逐级计算!$Q$177*LN(10))*(MAX((LN(10^(逐级计算!$Q$177/10)-1)+逐级计算!$Q$177*(FU6-逐级计算!$P$177)*LN(10)/10),0)+LN(1+EXP(-ABS((LN(10^(逐级计算!$Q$177/10)-1)+逐级计算!$Q$177*(FU6-逐级计算!$P$177)*LN(10)/10))))))),"") -> -65 | FW6: =IF(AND(ISNUMBER(FV6),逐级计算!$X$178>-1),IF(逐级计算!$X$178=0,FV6+逐级计算!$C$178,FV6+逐级计算!$C$178-(10/(逐级计算!$Q$178*LN(10))*(MAX((LN(10^(逐级计算!$Q$178/10)-1)+逐级计算!$Q$178*(FV6-逐级计算!$P$178)*LN(10)/10),0)+LN(1+EXP(-ABS((LN(10^(逐级计算!$Q$178/10)-1)+逐级计算!$Q$178*(FV6-逐级计算!$P$178)*LN(10)/10))))))),"") -> -65 | FX6: =IF(AND(ISNUMBER(FW6),逐级计算!$X$179>-1),IF(逐级计算!$X$179=0,FW6+逐级计算!$C$179,FW6+逐级计算!$C$179-(10/(逐级计算!$Q$179*LN(10))*(MAX((LN(10^(逐级计算!$Q$179/10)-1)+逐级计算!$Q$179*(FW6-逐级计算!$P$179)*LN(10)/10),0)+LN(1+EXP(-ABS((LN(10^(逐级计算!$Q$179/10)-1)+逐级计算!$Q$179*(FW6-逐级计算!$P$179)*LN(10)/10))))))),"") -> -65 | FY6: =IF(AND(ISNUMBER(FX6),逐级计算!$X$180>-1),IF(逐级计算!$X$180=0,FX6+逐级计算!$C$180,FX6+逐级计算!$C$180-(10/(逐级计算!$Q$180*LN(10))*(MAX((LN(10^(逐级计算!$Q$180/10)-1)+逐级计算!$Q$180*(FX6-逐级计算!$P$180)*LN(10)/10),0)+LN(1+EXP(-ABS((LN(10^(逐级计算!$Q$180/10)-1)+逐级计算!$Q$180*(FX6-逐级计算!$P$180)*LN(10)/10))))))),"") -> -65 | FZ6: =IF(AND(ISNUMBER(FY6),逐级计算!$X$181>-1),IF(逐级计算!$X$181=0,FY6+逐级计算!$C$181,FY6+逐级计算!$C$181-(10/(逐级计算!$Q$181*LN(10))*(MAX((LN(10^(逐级计算!$Q$181/10)-1)+逐级计算!$Q$181*(FY6-逐级计算!$P$181)*LN(10)/10),0)+LN(1+EXP(-ABS((LN(10^(逐级计算!$Q$181/10)-1)+逐级计算!$Q$181*(FY6-逐级计算!$P$181)*LN(10)/10))))))),"") -> -65 | GA6: =IF(AND(ISNUMBER(FZ6),逐级计算!$X$182>-1),IF(逐级计算!$X$182=0,FZ6+逐级计算!$C$182,FZ6+逐级计算!$C$182-(10/(逐级计算!$Q$182*LN(10))*(MAX((LN(10^(逐级计算!$Q$182/10)-1)+逐级计算!$Q$182*(FZ6-逐级计算!$P$182)*LN(10)/10),0)+LN(1+EXP(-ABS((LN(10^(逐级计算!$Q$182/10)-1)+逐级计算!$Q$182*(FZ6-逐级计算!$P$182)*LN(10)/10))))))),"") -> -65 | GB6: =IF(AND(ISNUMBER(GA6),逐级计算!$X$183>-1),IF(逐级计算!$X$183=0,GA6+逐级计算!$C$183,GA6+逐级计算!$C$183-(10/(逐级计算!$Q$183*LN(10))*(MAX((LN(10^(逐级计算!$Q$183/10)-1)+逐级计算!$Q$183*(GA6-逐级计算!$P$183)*LN(10)/10),0)+LN(1+EXP(-ABS((LN(10^(逐级计算!$Q$183/10)-1)+逐级计算!$Q$183*(GA6-逐级计算!$P$183)*LN(10)/10))))))),"") -> -65 | GC6: =IF(AND(ISNUMBER(GB6),逐级计算!$X$184>-1),IF(逐级计算!$X$184=0,GB6+逐级计算!$C$184,GB6+逐级计算!$C$184-(10/(逐级计算!$Q$184*LN(10))*(MAX((LN(10^(逐级计算!$Q$184/10)-1)+逐级计算!$Q$184*(GB6-逐级计算!$P$184)*LN(10)/10),0)+LN(1+EXP(-ABS((LN(10^(逐级计算!$Q$184/10)-1)+逐级计算!$Q$184*(GB6-逐级计算!$P$184)*LN(10)/10))))))),"") -> -65 | GD6: =IF(AND(ISNUMBER(GC6),逐级计算!$X$185>-1),IF(逐级计算!$X$185=0,GC6+逐级计算!$C$185,GC6+逐级计算!$C$185-(10/(逐级计算!$Q$185*LN(10))*(MAX((LN(10^(逐级计算!$Q$185/10)-1)+逐级计算!$Q$185*(GC6-逐级计算!$P$185)*LN(10)/10),0)+LN(1+EXP(-ABS((LN(10^(逐级计算!$Q$185/10)-1)+逐级计算!$Q$185*(GC6-逐级计算!$P$185)*LN(10)/10))))))),"") -> -65 | GE6: =IF(AND(ISNUMBER(GD6),逐级计算!$X$186>-1),IF(逐级计算!$X$186=0,GD6+逐级计算!$C$186,GD6+逐级计算!$C$186-(10/(逐级计算!$Q$186*LN(10))*(MAX((LN(10^(逐级计算!$Q$186/10)-1)+逐级计算!$Q$186*(GD6-逐级计算!$P$186)*LN(10)/10),0)+LN(1+EXP(-ABS((LN(10^(逐级计算!$Q$186/10)-1)+逐级计算!$Q$186*(GD6-逐级计算!$P$186)*LN(10)/10))))))),"") -> -65 | GF6: =IF(AND(ISNUMBER(GE6),逐级计算!$X$187>-1),IF(逐级计算!$X$187=0,GE6+逐级计算!$C$187,GE6+逐级计算!$C$187-(10/(逐级计算!$Q$187*LN(10))*(MAX((LN(10^(逐级计算!$Q$187/10)-1)+逐级计算!$Q$187*(GE6-逐级计算!$P$187)*LN(10)/10),0)+LN(1+EXP(-ABS((LN(10^(逐级计算!$Q$187/10)-1)+逐级计算!$Q$187*(GE6-逐级计算!$P$187)*LN(10)/10))))))),"") -> -65 | GG6: =IF(AND(ISNUMBER(GF6),逐级计算!$X$188>-1),IF(逐级计算!$X$188=0,GF6+逐级计算!$C$188,GF6+逐级计算!$C$188-(10/(逐级计算!$Q$188*LN(10))*(MAX((LN(10^(逐级计算!$Q$188/10)-1)+逐级计算!$Q$188*(GF6-逐级计算!$P$188)*LN(10)/10),0)+LN(1+EXP(-ABS((LN(10^(逐级计算!$Q$188/10)-1)+逐级计算!$Q$188*(GF6-逐级计算!$P$188)*LN(10)/10))))))),"") -> -65 | GH6: =IF(AND(ISNUMBER(GG6),逐级计算!$X$189>-1),IF(逐级计算!$X$189=0,GG6+逐级计算!$C$189,GG6+逐级计算!$C$189-(10/(逐级计算!$Q$189*LN(10))*(MAX((LN(10^(逐级计算!$Q$189/10)-1)+逐级计算!$Q$189*(GG6-逐级计算!$P$189)*LN(10)/10),0)+LN(1+EXP(-ABS((LN(10^(逐级计算!$Q$189/10)-1)+逐级计算!$Q$189*(GG6-逐级计算!$P$189)*LN(10)/10))))))),"") -> -65 | GI6: =IF(AND(ISNUMBER(GH6),逐级计算!$X$190>-1),IF(逐级计算!$X$190=0,GH6+逐级计算!$C$190,GH6+逐级计算!$C$190-(10/(逐级计算!$Q$190*LN(10))*(MAX((LN(10^(逐级计算!$Q$190/10)-1)+逐级计算!$Q$190*(GH6-逐级计算!$P$190)*LN(10)/10),0)+LN(1+EXP(-ABS((LN(10^(逐级计算!$Q$190/10)-1)+逐级计算!$Q$190*(GH6-逐级计算!$P$190)*LN(10)/10))))))),"") -> -65 | GJ6: =IF(AND(ISNUMBER(GI6),逐级计算!$X$191>-1),IF(逐级计算!$X$191=0,GI6+逐级计算!$C$191,GI6+逐级计算!$C$191-(10/(逐级计算!$Q$191*LN(10))*(MAX((LN(10^(逐级计算!$Q$191/10)-1)+逐级计算!$Q$191*(GI6-逐级计算!$P$191)*LN(10)/10),0)+LN(1+EXP(-ABS((LN(10^(逐级计算!$Q$191/10)-1)+逐级计算!$Q$191*(GI6-逐级计算!$P$191)*LN(10)/10))))))),"") -> -65 | GK6: =IF(AND(ISNUMBER(GJ6),逐级计算!$X$192>-1),IF(逐级计算!$X$192=0,GJ6+逐级计算!$C$192,GJ6+逐级计算!$C$192-(10/(逐级计算!$Q$192*LN(10))*(MAX((LN(10^(逐级计算!$Q$192/10)-1)+逐级计算!$Q$192*(GJ6-逐级计算!$P$192)*LN(10)/10),0)+LN(1+EXP(-ABS((LN(10^(逐级计算!$Q$192/10)-1)+逐级计算!$Q$192*(GJ6-逐级计算!$P$192)*LN(10)/10))))))),"") -> -65 | GL6: =IF(AND(ISNUMBER(GK6),逐级计算!$X$193>-1),IF(逐级计算!$X$193=0,GK6+逐级计算!$C$193,GK6+逐级计算!$C$193-(10/(逐级计算!$Q$193*LN(10))*(MAX((LN(10^(逐级计算!$Q$193/10)-1)+逐级计算!$Q$193*(GK6-逐级计算!$P$193)*LN(10)/10),0)+LN(1+EXP(-ABS((LN(10^(逐级计算!$Q$193/10)-1)+逐级计算!$Q$193*(GK6-逐级计算!$P$193)*LN(10)/10))))))),"") -> -65 | GM6: =IF(AND(ISNUMBER(GL6),逐级计算!$X$194>-1),IF(逐级计算!$X$194=0,GL6+逐级计算!$C$194,GL6+逐级计算!$C$194-(10/(逐级计算!$Q$194*LN(10))*(MAX((LN(10^(逐级计算!$Q$194/10)-1)+逐级计算!$Q$194*(GL6-逐级计算!$P$194)*LN(10)/10),0)+LN(1+EXP(-ABS((LN(10^(逐级计算!$Q$194/10)-1)+逐级计算!$Q$194*(GL6-逐级计算!$P$194)*LN(10)/10))))))),"") -> -65 | GN6: =IF(AND(ISNUMBER(GM6),逐级计算!$X$195>-1),IF(逐级计算!$X$195=0,GM6+逐级计算!$C$195,GM6+逐级计算!$C$195-(10/(逐级计算!$Q$195*LN(10))*(MAX((LN(10^(逐级计算!$Q$195/10)-1)+逐级计算!$Q$195*(GM6-逐级计算!$P$195)*LN(10)/10),0)+LN(1+EXP(-ABS((LN(10^(逐级计算!$Q$195/10)-1)+逐级计算!$Q$195*(GM6-逐级计算!$P$195)*LN(10)/10))))))),"") -> -65 | GO6: =IF(AND(ISNUMBER(GN6),逐级计算!$X$196>-1),IF(逐级计算!$X$196=0,GN6+逐级计算!$C$196,GN6+逐级计算!$C$196-(10/(逐级计算!$Q$196*LN(10))*(MAX((LN(10^(逐级计算!$Q$196/10)-1)+逐级计算!$Q$196*(GN6-逐级计算!$P$196)*LN(10)/10),0)+LN(1+EXP(-ABS((LN(10^(逐级计算!$Q$196/10)-1)+逐级计算!$Q$196*(GN6-逐级计算!$P$196)*LN(10)/10))))))),"") -> -65 | GP6: =IF(AND(ISNUMBER(GO6),逐级计算!$X$197>-1),IF(逐级计算!$X$197=0,GO6+逐级计算!$C$197,GO6+逐级计算!$C$197-(10/(逐级计算!$Q$197*LN(10))*(MAX((LN(10^(逐级计算!$Q$197/10)-1)+逐级计算!$Q$197*(GO6-逐级计算!$P$197)*LN(10)/10),0)+LN(1+EXP(-ABS((LN(10^(逐级计算!$Q$197/10)-1)+逐级计算!$Q$197*(GO6-逐级计算!$P$197)*LN(10)/10))))))),"") -> -65 | GQ6: =IF(AND(ISNUMBER(GP6),逐级计算!$X$198>-1),IF(逐级计算!$X$198=0,GP6+逐级计算!$C$198,GP6+逐级计算!$C$198-(10/(逐级计算!$Q$198*LN(10))*(MAX((LN(10^(逐级计算!$Q$198/10)-1)+逐级计算!$Q$198*(GP6-逐级计算!$P$198)*LN(10)/10),0)+LN(1+EXP(-ABS((LN(10^(逐级计算!$Q$198/10)-1)+逐级计算!$Q$198*(GP6-逐级计算!$P$198)*LN(10)/10))))))),"") -> -65 | GR6: =IF(AND(ISNUMBER(GQ6),逐级计算!$X$199>-1),IF(逐级计算!$X$199=0,GQ6+逐级计算!$C$199,GQ6+逐级计算!$C$199-(10/(逐级计算!$Q$199*LN(10))*(MAX((LN(10^(逐级计算!$Q$199/10)-1)+逐级计算!$Q$199*(GQ6-逐级计算!$P$199)*LN(10)/10),0)+LN(1+EXP(-ABS((LN(10^(逐级计算!$Q$199/10)-1)+逐级计算!$Q$199*(GQ6-逐级计算!$P$199)*LN(10)/10))))))),"") -> -65 | GS6: =IF(AND(ISNUMBER(GR6),逐级计算!$X$200>-1),IF(逐级计算!$X$200=0,GR6+逐级计算!$C$200,GR6+逐级计算!$C$200-(10/(逐级计算!$Q$200*LN(10))*(MAX((LN(10^(逐级计算!$Q$200/10)-1)+逐级计算!$Q$200*(GR6-逐级计算!$P$200)*LN(10)/10),0)+LN(1+EXP(-ABS((LN(10^(逐级计算!$Q$200/10)-1)+逐级计算!$Q$200*(GR6-逐级计算!$P$200)*LN(10)/10))))))),"") -> -65 | GT6: =IF(AND(ISNUMBER(GS6),逐级计算!$X$201>-1),IF(逐级计算!$X$201=0,GS6+逐级计算!$C$201,GS6+逐级计算!$C$201-(10/(逐级计算!$Q$201*LN(10))*(MAX((LN(10^(逐级计算!$Q$201/10)-1)+逐级计算!$Q$201*(GS6-逐级计算!$P$201)*LN(10)/10),0)+LN(1+EXP(-ABS((LN(10^(逐级计算!$Q$201/10)-1)+逐级计算!$Q$201*(GS6-逐级计算!$P$201)*LN(10)/10))))))),"") -> -65 | GU6: =IF(AND(ISNUMBER(GT6),逐级计算!$X$202>-1),IF(逐级计算!$X$202=0,GT6+逐级计算!$C$202,GT6+逐级计算!$C$202-(10/(逐级计算!$Q$202*LN(10))*(MAX((LN(10^(逐级计算!$Q$202/10)-1)+逐级计算!$Q$202*(GT6-逐级计算!$P$202)*LN(10)/10),0)+LN(1+EXP(-ABS((LN(10^(逐级计算!$Q$202/10)-1)+逐级计算!$Q$202*(GT6-逐级计算!$P$202)*LN(10)/10))))))),"") -> -65 | GV6: =IF(AND(ISNUMBER(GU6),逐级计算!$X$203>-1),IF(逐级计算!$X$203=0,GU6+逐级计算!$C$203,GU6+逐级计算!$C$203-(10/(逐级计算!$Q$203*LN(10))*(MAX((LN(10^(逐级计算!$Q$203/10)-1)+逐级计算!$Q$203*(GU6-逐级计算!$P$203)*LN(10)/10),0)+LN(1+EXP(-ABS((LN(10^(逐级计算!$Q$203/10)-1)+逐级计算!$Q$203*(GU6-逐级计算!$P$203)*LN(10)/10))))))),"") -> -65 | GW6: =IF($B$2="可求解",MAX(逐级计算!W4:W203)+20,"") -> 20
A7: 上界验证 | C7: =IF(ISNUMBER(GW6),GW6,"") -> 20 | D7: =IF(AND(ISNUMBER(C7),ISNUMBER(逐级计算!$E$203),ISNUMBER(GV7)),C7+逐级计算!$E$203-GV7,"") -> 24.04238 | E7: =IF(AND(ISNUMBER(C7),逐级计算!$X$4>-1),IF(逐级计算!$X$4=0,C7+逐级计算!$C$4,C7+逐级计算!$C$4-(10/(逐级计算!$Q$4*LN(10))*(MAX((LN(10^(逐级计算!$Q$4/10)-1)+逐级计算!$Q$4*(C7-逐级计算!$P$4)*LN(10)/10),0)+LN(1+EXP(-ABS((LN(10^(逐级计算!$Q$4/10)-1)+逐级计算!$Q$4*(C7-逐级计算!$P$4)*LN(10)/10))))))),"") -> 11.164246 | F7: =IF(AND(ISNUMBER(E7),逐级计算!$X$5>-1),IF(逐级计算!$X$5=0,E7+逐级计算!$C$5,E7+逐级计算!$C$5-(10/(逐级计算!$Q$5*LN(10))*(MAX((LN(10^(逐级计算!$Q$5/10)-1)+逐级计算!$Q$5*(E7-逐级计算!$P$5)*LN(10)/10),0)+LN(1+EXP(-ABS((LN(10^(逐级计算!$Q$5/10)-1)+逐级计算!$Q$5*(E7-逐级计算!$P$5)*LN(10)/10))))))),"") -> 15.95762 | G7: =IF(AND(ISNUMBER(F7),逐级计算!$X$6>-1),IF(逐级计算!$X$6=0,F7+逐级计算!$C$6,F7+逐级计算!$C$6-(10/(逐级计算!$Q$6*LN(10))*(MAX((LN(10^(逐级计算!$Q$6/10)-1)+逐级计算!$Q$6*(F7-逐级计算!$P$6)*LN(10)/10),0)+LN(1+EXP(-ABS((LN(10^(逐级计算!$Q$6/10)-1)+逐级计算!$Q$6*(F7-逐级计算!$P$6)*LN(10)/10))))))),"") -> 15.95762 | H7: =IF(AND(ISNUMBER(G7),逐级计算!$X$7>-1),IF(逐级计算!$X$7=0,G7+逐级计算!$C$7,G7+逐级计算!$C$7-(10/(逐级计算!$Q$7*LN(10))*(MAX((LN(10^(逐级计算!$Q$7/10)-1)+逐级计算!$Q$7*(G7-逐级计算!$P$7)*LN(10)/10),0)+LN(1+EXP(-ABS((LN(10^(逐级计算!$Q$7/10)-1)+逐级计算!$Q$7*(G7-逐级计算!$P$7)*LN(10)/10))))))),"") -> 15.95762 | I7: =IF(AND(ISNUMBER(H7),逐级计算!$X$8>-1),IF(逐级计算!$X$8=0,H7+逐级计算!$C$8,H7+逐级计算!$C$8-(10/(逐级计算!$Q$8*LN(10))*(MAX((LN(10^(逐级计算!$Q$8/10)-1)+逐级计算!$Q$8*(H7-逐级计算!$P$8)*LN(10)/10),0)+LN(1+EXP(-ABS((LN(10^(逐级计算!$Q$8/10)-1)+逐级计算!$Q$8*(H7-逐级计算!$P$8)*LN(10)/10))))))),"") -> 15.95762 | J7: =IF(AND(ISNUMBER(I7),逐级计算!$X$9>-1),IF(逐级计算!$X$9=0,I7+逐级计算!$C$9,I7+逐级计算!$C$9-(10/(逐级计算!$Q$9*LN(10))*(MAX((LN(10^(逐级计算!$Q$9/10)-1)+逐级计算!$Q$9*(I7-逐级计算!$P$9)*LN(10)/10),0)+LN(1+EXP(-ABS((LN(10^(逐级计算!$Q$9/10)-1)+逐级计算!$Q$9*(I7-逐级计算!$P$9)*LN(10)/10))))))),"") -> 15.95762 | K7: =IF(AND(ISNUMBER(J7),逐级计算!$X$10>-1),IF(逐级计算!$X$10=0,J7+逐级计算!$C$10,J7+逐级计算!$C$10-(10/(逐级计算!$Q$10*LN(10))*(MAX((LN(10^(逐级计算!$Q$10/10)-1)+逐级计算!$Q$10*(J7-逐级计算!$P$10)*LN(10)/10),0)+LN(1+EXP(-ABS((LN(10^(逐级计算!$Q$10/10)-1)+逐级计算!$Q$10*(J7-逐级计算!$P$10)*LN(10)/10))))))),"") -> 15.95762 | L7: =IF(AND(ISNUMBER(K7),逐级计算!$X$11>-1),IF(逐级计算!$X$11=0,K7+逐级计算!$C$11,K7+逐级计算!$C$11-(10/(逐级计算!$Q$11*LN(10))*(MAX((LN(10^(逐级计算!$Q$11/10)-1)+逐级计算!$Q$11*(K7-逐级计算!$P$11)*LN(10)/10),0)+LN(1+EXP(-ABS((LN(10^(逐级计算!$Q$11/10)-1)+逐级计算!$Q$11*(K7-逐级计算!$P$11)*LN(10)/10))))))),"") -> 15.95762 | M7: =IF(AND(ISNUMBER(L7),逐级计算!$X$12>-1),IF(逐级计算!$X$12=0,L7+逐级计算!$C$12,L7+逐级计算!$C$12-(10/(逐级计算!$Q$12*LN(10))*(MAX((LN(10^(逐级计算!$Q$12/10)-1)+逐级计算!$Q$12*(L7-逐级计算!$P$12)*LN(10)/10),0)+LN(1+EXP(-ABS((LN(10^(逐级计算!$Q$12/10)-1)+逐级计算!$Q$12*(L7-逐级计算!$P$12)*LN(10)/10))))))),"") -> 15.95762 | N7: =IF(AND(ISNUMBER(M7),逐级计算!$X$13>-1),IF(逐级计算!$X$13=0,M7+逐级计算!$C$13,M7+逐级计算!$C$13-(10/(逐级计算!$Q$13*LN(10))*(MAX((LN(10^(逐级计算!$Q$13/10)-1)+逐级计算!$Q$13*(M7-逐级计算!$P$13)*LN(10)/10),0)+LN(1+EXP(-ABS((LN(10^(逐级计算!$Q$13/10)-1)+逐级计算!$Q$13*(M7-逐级计算!$P$13)*LN(10)/10))))))),"") -> 15.95762 | O7: =IF(AND(ISNUMBER(N7),逐级计算!$X$14>-1),IF(逐级计算!$X$14=0,N7+逐级计算!$C$14,N7+逐级计算!$C$14-(10/(逐级计算!$Q$14*LN(10))*(MAX((LN(10^(逐级计算!$Q$14/10)-1)+逐级计算!$Q$14*(N7-逐级计算!$P$14)*LN(10)/10),0)+LN(1+EXP(-ABS((LN(10^(逐级计算!$Q$14/10)-1)+逐级计算!$Q$14*(N7-逐级计算!$P$14)*LN(10)/10))))))),"") -> 15.95762 | P7: =IF(AND(ISNUMBER(O7),逐级计算!$X$15>-1),IF(逐级计算!$X$15=0,O7+逐级计算!$C$15,O7+逐级计算!$C$15-(10/(逐级计算!$Q$15*LN(10))*(MAX((LN(10^(逐级计算!$Q$15/10)-1)+逐级计算!$Q$15*(O7-逐级计算!$P$15)*LN(10)/10),0)+LN(1+EXP(-ABS((LN(10^(逐级计算!$Q$15/10)-1)+逐级计算!$Q$15*(O7-逐级计算!$P$15)*LN(10)/10))))))),"") -> 15.95762 | Q7: =IF(AND(ISNUMBER(P7),逐级计算!$X$16>-1),IF(逐级计算!$X$16=0,P7+逐级计算!$C$16,P7+逐级计算!$C$16-(10/(逐级计算!$Q$16*LN(10))*(MAX((LN(10^(逐级计算!$Q$16/10)-1)+逐级计算!$Q$16*(P7-逐级计算!$P$16)*LN(10)/10),0)+LN(1+EXP(-ABS((LN(10^(逐级计算!$Q$16/10)-1)+逐级计算!$Q$16*(P7-逐级计算!$P$16)*LN(10)/10))))))),"") -> 15.95762 | R7: =IF(AND(ISNUMBER(Q7),逐级计算!$X$17>-1),IF(逐级计算!$X$17=0,Q7+逐级计算!$C$17,Q7+逐级计算!$C$17-(10/(逐级计算!$Q$17*LN(10))*(MAX((LN(10^(逐级计算!$Q$17/10)-1)+逐级计算!$Q$17*(Q7-逐级计算!$P$17)*LN(10)/10),0)+LN(1+EXP(-ABS((LN(10^(逐级计算!$Q$17/10)-1)+逐级计算!$Q$17*(Q7-逐级计算!$P$17)*LN(10)/10))))))),"") -> 15.95762 | S7: =IF(AND(ISNUMBER(R7),逐级计算!$X$18>-1),IF(逐级计算!$X$18=0,R7+逐级计算!$C$18,R7+逐级计算!$C$18-(10/(逐级计算!$Q$18*LN(10))*(MAX((LN(10^(逐级计算!$Q$18/10)-1)+逐级计算!$Q$18*(R7-逐级计算!$P$18)*LN(10)/10),0)+LN(1+EXP(-ABS((LN(10^(逐级计算!$Q$18/10)-1)+逐级计算!$Q$18*(R7-逐级计算!$P$18)*LN(10)/10))))))),"") -> 15.95762 | T7: =IF(AND(ISNUMBER(S7),逐级计算!$X$19>-1),IF(逐级计算!$X$19=0,S7+逐级计算!$C$19,S7+逐级计算!$C$19-(10/(逐级计算!$Q$19*LN(10))*(MAX((LN(10^(逐级计算!$Q$19/10)-1)+逐级计算!$Q$19*(S7-逐级计算!$P$19)*LN(10)/10),0)+LN(1+EXP(-ABS((LN(10^(逐级计算!$Q$19/10)-1)+逐级计算!$Q$19*(S7-逐级计算!$P$19)*LN(10)/10))))))),"") -> 15.95762 | U7: =IF(AND(ISNUMBER(T7),逐级计算!$X$20>-1),IF(逐级计算!$X$20=0,T7+逐级计算!$C$20,T7+逐级计算!$C$20-(10/(逐级计算!$Q$20*LN(10))*(MAX((LN(10^(逐级计算!$Q$20/10)-1)+逐级计算!$Q$20*(T7-逐级计算!$P$20)*LN(10)/10),0)+LN(1+EXP(-ABS((LN(10^(逐级计算!$Q$20/10)-1)+逐级计算!$Q$20*(T7-逐级计算!$P$20)*LN(10)/10))))))),"") -> 15.95762 | V7: =IF(AND(ISNUMBER(U7),逐级计算!$X$21>-1),IF(逐级计算!$X$21=0,U7+逐级计算!$C$21,U7+逐级计算!$C$21-(10/(逐级计算!$Q$21*LN(10))*(MAX((LN(10^(逐级计算!$Q$21/10)-1)+逐级计算!$Q$21*(U7-逐级计算!$P$21)*LN(10)/10),0)+LN(1+EXP(-ABS((LN(10^(逐级计算!$Q$21/10)-1)+逐级计算!$Q$21*(U7-逐级计算!$P$21)*LN(10)/10))))))),"") -> 15.95762 | W7: =IF(AND(ISNUMBER(V7),逐级计算!$X$22>-1),IF(逐级计算!$X$22=0,V7+逐级计算!$C$22,V7+逐级计算!$C$22-(10/(逐级计算!$Q$22*LN(10))*(MAX((LN(10^(逐级计算!$Q$22/10)-1)+逐级计算!$Q$22*(V7-逐级计算!$P$22)*LN(10)/10),0)+LN(1+EXP(-ABS((LN(10^(逐级计算!$Q$22/10)-1)+逐级计算!$Q$22*(V7-逐级计算!$P$22)*LN(10)/10))))))),"") -> 15.95762 | X7: =IF(AND(ISNUMBER(W7),逐级计算!$X$23>-1),IF(逐级计算!$X$23=0,W7+逐级计算!$C$23,W7+逐级计算!$C$23-(10/(逐级计算!$Q$23*LN(10))*(MAX((LN(10^(逐级计算!$Q$23/10)-1)+逐级计算!$Q$23*(W7-逐级计算!$P$23)*LN(10)/10),0)+LN(1+EXP(-ABS((LN(10^(逐级计算!$Q$23/10)-1)+逐级计算!$Q$23*(W7-逐级计算!$P$23)*LN(10)/10))))))),"") -> 15.95762 | Y7: =IF(AND(ISNUMBER(X7),逐级计算!$X$24>-1),IF(逐级计算!$X$24=0,X7+逐级计算!$C$24,X7+逐级计算!$C$24-(10/(逐级计算!$Q$24*LN(10))*(MAX((LN(10^(逐级计算!$Q$24/10)-1)+逐级计算!$Q$24*(X7-逐级计算!$P$24)*LN(10)/10),0)+LN(1+EXP(-ABS((LN(10^(逐级计算!$Q$24/10)-1)+逐级计算!$Q$24*(X7-逐级计算!$P$24)*LN(10)/10))))))),"") -> 15.95762 | Z7: =IF(AND(ISNUMBER(Y7),逐级计算!$X$25>-1),IF(逐级计算!$X$25=0,Y7+逐级计算!$C$25,Y7+逐级计算!$C$25-(10/(逐级计算!$Q$25*LN(10))*(MAX((LN(10^(逐级计算!$Q$25/10)-1)+逐级计算!$Q$25*(Y7-逐级计算!$P$25)*LN(10)/10),0)+LN(1+EXP(-ABS((LN(10^(逐级计算!$Q$25/10)-1)+逐级计算!$Q$25*(Y7-逐级计算!$P$25)*LN(10)/10))))))),"") -> 15.95762 | AA7: =IF(AND(ISNUMBER(Z7),逐级计算!$X$26>-1),IF(逐级计算!$X$26=0,Z7+逐级计算!$C$26,Z7+逐级计算!$C$26-(10/(逐级计算!$Q$26*LN(10))*(MAX((LN(10^(逐级计算!$Q$26/10)-1)+逐级计算!$Q$26*(Z7-逐级计算!$P$26)*LN(10)/10),0)+LN(1+EXP(-ABS((LN(10^(逐级计算!$Q$26/10)-1)+逐级计算!$Q$26*(Z7-逐级计算!$P$26)*LN(10)/10))))))),"") -> 15.95762 | AB7: =IF(AND(ISNUMBER(AA7),逐级计算!$X$27>-1),IF(逐级计算!$X$27=0,AA7+逐级计算!$C$27,AA7+逐级计算!$C$27-(10/(逐级计算!$Q$27*LN(10))*(MAX((LN(10^(逐级计算!$Q$27/10)-1)+逐级计算!$Q$27*(AA7-逐级计算!$P$27)*LN(10)/10),0)+LN(1+EXP(-ABS((LN(10^(逐级计算!$Q$27/10)-1)+逐级计算!$Q$27*(AA7-逐级计算!$P$27)*LN(10)/10))))))),"") -> 15.95762 | AC7: =IF(AND(ISNUMBER(AB7),逐级计算!$X$28>-1),IF(逐级计算!$X$28=0,AB7+逐级计算!$C$28,AB7+逐级计算!$C$28-(10/(逐级计算!$Q$28*LN(10))*(MAX((LN(10^(逐级计算!$Q$28/10)-1)+逐级计算!$Q$28*(AB7-逐级计算!$P$28)*LN(10)/10),0)+LN(1+EXP(-ABS((LN(10^(逐级计算!$Q$28/10)-1)+逐级计算!$Q$28*(AB7-逐级计算!$P$28)*LN(10)/10))))))),"") -> 15.95762 | AD7: =IF(AND(ISNUMBER(AC7),逐级计算!$X$29>-1),IF(逐级计算!$X$29=0,AC7+逐级计算!$C$29,AC7+逐级计算!$C$29-(10/(逐级计算!$Q$29*LN(10))*(MAX((LN(10^(逐级计算!$Q$29/10)-1)+逐级计算!$Q$29*(AC7-逐级计算!$P$29)*LN(10)/10),0)+LN(1+EXP(-ABS((LN(10^(逐级计算!$Q$29/10)-1)+逐级计算!$Q$29*(AC7-逐级计算!$P$29)*LN(10)/10))))))),"") -> 15.95762 | AE7: =IF(AND(ISNUMBER(AD7),逐级计算!$X$30>-1),IF(逐级计算!$X$30=0,AD7+逐级计算!$C$30,AD7+逐级计算!$C$30-(10/(逐级计算!$Q$30*LN(10))*(MAX((LN(10^(逐级计算!$Q$30/10)-1)+逐级计算!$Q$30*(AD7-逐级计算!$P$30)*LN(10)/10),0)+LN(1+EXP(-ABS((LN(10^(逐级计算!$Q$30/10)-1)+逐级计算!$Q$30*(AD7-逐级计算!$P$30)*LN(10)/10))))))),"") -> 15.95762 | AF7: =IF(AND(ISNUMBER(AE7),逐级计算!$X$31>-1),IF(逐级计算!$X$31=0,AE7+逐级计算!$C$31,AE7+逐级计算!$C$31-(10/(逐级计算!$Q$31*LN(10))*(MAX((LN(10^(逐级计算!$Q$31/10)-1)+逐级计算!$Q$31*(AE7-逐级计算!$P$31)*LN(10)/10),0)+LN(1+EXP(-ABS((LN(10^(逐级计算!$Q$31/10)-1)+逐级计算!$Q$31*(AE7-逐级计算!$P$31)*LN(10)/10))))))),"") -> 15.95762 | AG7: =IF(AND(ISNUMBER(AF7),逐级计算!$X$32>-1),IF(逐级计算!$X$32=0,AF7+逐级计算!$C$32,AF7+逐级计算!$C$32-(10/(逐级计算!$Q$32*LN(10))*(MAX((LN(10^(逐级计算!$Q$32/10)-1)+逐级计算!$Q$32*(AF7-逐级计算!$P$32)*LN(10)/10),0)+LN(1+EXP(-ABS((LN(10^(逐级计算!$Q$32/10)-1)+逐级计算!$Q$32*(AF7-逐级计算!$P$32)*LN(10)/10))))))),"") -> 15.95762 | AH7: =IF(AND(ISNUMBER(AG7),逐级计算!$X$33>-1),IF(逐级计算!$X$33=0,AG7+逐级计算!$C$33,AG7+逐级计算!$C$33-(10/(逐级计算!$Q$33*LN(10))*(MAX((LN(10^(逐级计算!$Q$33/10)-1)+逐级计算!$Q$33*(AG7-逐级计算!$P$33)*LN(10)/10),0)+LN(1+EXP(-ABS((LN(10^(逐级计算!$Q$33/10)-1)+逐级计算!$Q$33*(AG7-逐级计算!$P$33)*LN(10)/10))))))),"") -> 15.95762 | AI7: =IF(AND(ISNUMBER(AH7),逐级计算!$X$34>-1),IF(逐级计算!$X$34=0,AH7+逐级计算!$C$34,AH7+逐级计算!$C$34-(10/(逐级计算!$Q$34*LN(10))*(MAX((LN(10^(逐级计算!$Q$34/10)-1)+逐级计算!$Q$34*(AH7-逐级计算!$P$34)*LN(10)/10),0)+LN(1+EXP(-ABS((LN(10^(逐级计算!$Q$34/10)-1)+逐级计算!$Q$34*(AH7-逐级计算!$P$34)*LN(10)/10))))))),"") -> 15.95762 | AJ7: =IF(AND(ISNUMBER(AI7),逐级计算!$X$35>-1),IF(逐级计算!$X$35=0,AI7+逐级计算!$C$35,AI7+逐级计算!$C$35-(10/(逐级计算!$Q$35*LN(10))*(MAX((LN(10^(逐级计算!$Q$35/10)-1)+逐级计算!$Q$35*(AI7-逐级计算!$P$35)*LN(10)/10),0)+LN(1+EXP(-ABS((LN(10^(逐级计算!$Q$35/10)-1)+逐级计算!$Q$35*(AI7-逐级计算!$P$35)*LN(10)/10))))))),"") -> 15.95762 | AK7: =IF(AND(ISNUMBER(AJ7),逐级计算!$X$36>-1),IF(逐级计算!$X$36=0,AJ7+逐级计算!$C$36,AJ7+逐级计算!$C$36-(10/(逐级计算!$Q$36*LN(10))*(MAX((LN(10^(逐级计算!$Q$36/10)-1)+逐级计算!$Q$36*(AJ7-逐级计算!$P$36)*LN(10)/10),0)+LN(1+EXP(-ABS((LN(10^(逐级计算!$Q$36/10)-1)+逐级计算!$Q$36*(AJ7-逐级计算!$P$36)*LN(10)/10))))))),"") -> 15.95762 | AL7: =IF(AND(ISNUMBER(AK7),逐级计算!$X$37>-1),IF(逐级计算!$X$37=0,AK7+逐级计算!$C$37,AK7+逐级计算!$C$37-(10/(逐级计算!$Q$37*LN(10))*(MAX((LN(10^(逐级计算!$Q$37/10)-1)+逐级计算!$Q$37*(AK7-逐级计算!$P$37)*LN(10)/10),0)+LN(1+EXP(-ABS((LN(10^(逐级计算!$Q$37/10)-1)+逐级计算!$Q$37*(AK7-逐级计算!$P$37)*LN(10)/10))))))),"") -> 15.95762 | AM7: =IF(AND(ISNUMBER(AL7),逐级计算!$X$38>-1),IF(逐级计算!$X$38=0,AL7+逐级计算!$C$38,AL7+逐级计算!$C$38-(10/(逐级计算!$Q$38*LN(10))*(MAX((LN(10^(逐级计算!$Q$38/10)-1)+逐级计算!$Q$38*(AL7-逐级计算!$P$38)*LN(10)/10),0)+LN(1+EXP(-ABS((LN(10^(逐级计算!$Q$38/10)-1)+逐级计算!$Q$38*(AL7-逐级计算!$P$38)*LN(10)/10))))))),"") -> 15.95762 | AN7: =IF(AND(ISNUMBER(AM7),逐级计算!$X$39>-1),IF(逐级计算!$X$39=0,AM7+逐级计算!$C$39,AM7+逐级计算!$C$39-(10/(逐级计算!$Q$39*LN(10))*(MAX((LN(10^(逐级计算!$Q$39/10)-1)+逐级计算!$Q$39*(AM7-逐级计算!$P$39)*LN(10)/10),0)+LN(1+EXP(-ABS((LN(10^(逐级计算!$Q$39/10)-1)+逐级计算!$Q$39*(AM7-逐级计算!$P$39)*LN(10)/10))))))),"") -> 15.95762 | AO7: =IF(AND(ISNUMBER(AN7),逐级计算!$X$40>-1),IF(逐级计算!$X$40=0,AN7+逐级计算!$C$40,AN7+逐级计算!$C$40-(10/(逐级计算!$Q$40*LN(10))*(MAX((LN(10^(逐级计算!$Q$40/10)-1)+逐级计算!$Q$40*(AN7-逐级计算!$P$40)*LN(10)/10),0)+LN(1+EXP(-ABS((LN(10^(逐级计算!$Q$40/10)-1)+逐级计算!$Q$40*(AN7-逐级计算!$P$40)*LN(10)/10))))))),"") -> 15.95762 | AP7: =IF(AND(ISNUMBER(AO7),逐级计算!$X$41>-1),IF(逐级计算!$X$41=0,AO7+逐级计算!$C$41,AO7+逐级计算!$C$41-(10/(逐级计算!$Q$41*LN(10))*(MAX((LN(10^(逐级计算!$Q$41/10)-1)+逐级计算!$Q$41*(AO7-逐级计算!$P$41)*LN(10)/10),0)+LN(1+EXP(-ABS((LN(10^(逐级计算!$Q$41/10)-1)+逐级计算!$Q$41*(AO7-逐级计算!$P$41)*LN(10)/10))))))),"") -> 15.95762 | AQ7: =IF(AND(ISNUMBER(AP7),逐级计算!$X$42>-1),IF(逐级计算!$X$42=0,AP7+逐级计算!$C$42,AP7+逐级计算!$C$42-(10/(逐级计算!$Q$42*LN(10))*(MAX((LN(10^(逐级计算!$Q$42/10)-1)+逐级计算!$Q$42*(AP7-逐级计算!$P$42)*LN(10)/10),0)+LN(1+EXP(-ABS((LN(10^(逐级计算!$Q$42/10)-1)+逐级计算!$Q$42*(AP7-逐级计算!$P$42)*LN(10)/10))))))),"") -> 15.95762 | AR7: =IF(AND(ISNUMBER(AQ7),逐级计算!$X$43>-1),IF(逐级计算!$X$43=0,AQ7+逐级计算!$C$43,AQ7+逐级计算!$C$43-(10/(逐级计算!$Q$43*LN(10))*(MAX((LN(10^(逐级计算!$Q$43/10)-1)+逐级计算!$Q$43*(AQ7-逐级计算!$P$43)*LN(10)/10),0)+LN(1+EXP(-ABS((LN(10^(逐级计算!$Q$43/10)-1)+逐级计算!$Q$43*(AQ7-逐级计算!$P$43)*LN(10)/10))))))),"") -> 15.95762 | AS7: =IF(AND(ISNUMBER(AR7),逐级计算!$X$44>-1),IF(逐级计算!$X$44=0,AR7+逐级计算!$C$44,AR7+逐级计算!$C$44-(10/(逐级计算!$Q$44*LN(10))*(MAX((LN(10^(逐级计算!$Q$44/10)-1)+逐级计算!$Q$44*(AR7-逐级计算!$P$44)*LN(10)/10),0)+LN(1+EXP(-ABS((LN(10^(逐级计算!$Q$44/10)-1)+逐级计算!$Q$44*(AR7-逐级计算!$P$44)*LN(10)/10))))))),"") -> 15.95762 | AT7: =IF(AND(ISNUMBER(AS7),逐级计算!$X$45>-1),IF(逐级计算!$X$45=0,AS7+逐级计算!$C$45,AS7+逐级计算!$C$45-(10/(逐级计算!$Q$45*LN(10))*(MAX((LN(10^(逐级计算!$Q$45/10)-1)+逐级计算!$Q$45*(AS7-逐级计算!$P$45)*LN(10)/10),0)+LN(1+EXP(-ABS((LN(10^(逐级计算!$Q$45/10)-1)+逐级计算!$Q$45*(AS7-逐级计算!$P$45)*LN(10)/10))))))),"") -> 15.95762 | AU7: =IF(AND(ISNUMBER(AT7),逐级计算!$X$46>-1),IF(逐级计算!$X$46=0,AT7+逐级计算!$C$46,AT7+逐级计算!$C$46-(10/(逐级计算!$Q$46*LN(10))*(MAX((LN(10^(逐级计算!$Q$46/10)-1)+逐级计算!$Q$46*(AT7-逐级计算!$P$46)*LN(10)/10),0)+LN(1+EXP(-ABS((LN(10^(逐级计算!$Q$46/10)-1)+逐级计算!$Q$46*(AT7-逐级计算!$P$46)*LN(10)/10))))))),"") -> 15.95762 | AV7: =IF(AND(ISNUMBER(AU7),逐级计算!$X$47>-1),IF(逐级计算!$X$47=0,AU7+逐级计算!$C$47,AU7+逐级计算!$C$47-(10/(逐级计算!$Q$47*LN(10))*(MAX((LN(10^(逐级计算!$Q$47/10)-1)+逐级计算!$Q$47*(AU7-逐级计算!$P$47)*LN(10)/10),0)+LN(1+EXP(-ABS((LN(10^(逐级计算!$Q$47/10)-1)+逐级计算!$Q$47*(AU7-逐级计算!$P$47)*LN(10)/10))))))),"") -> 15.95762 | AW7: =IF(AND(ISNUMBER(AV7),逐级计算!$X$48>-1),IF(逐级计算!$X$48=0,AV7+逐级计算!$C$48,AV7+逐级计算!$C$48-(10/(逐级计算!$Q$48*LN(10))*(MAX((LN(10^(逐级计算!$Q$48/10)-1)+逐级计算!$Q$48*(AV7-逐级计算!$P$48)*LN(10)/10),0)+LN(1+EXP(-ABS((LN(10^(逐级计算!$Q$48/10)-1)+逐级计算!$Q$48*(AV7-逐级计算!$P$48)*LN(10)/10))))))),"") -> 15.95762 | AX7: =IF(AND(ISNUMBER(AW7),逐级计算!$X$49>-1),IF(逐级计算!$X$49=0,AW7+逐级计算!$C$49,AW7+逐级计算!$C$49-(10/(逐级计算!$Q$49*LN(10))*(MAX((LN(10^(逐级计算!$Q$49/10)-1)+逐级计算!$Q$49*(AW7-逐级计算!$P$49)*LN(10)/10),0)+LN(1+EXP(-ABS((LN(10^(逐级计算!$Q$49/10)-1)+逐级计算!$Q$49*(AW7-逐级计算!$P$49)*LN(10)/10))))))),"") -> 15.95762 | AY7: =IF(AND(ISNUMBER(AX7),逐级计算!$X$50>-1),IF(逐级计算!$X$50=0,AX7+逐级计算!$C$50,AX7+逐级计算!$C$50-(10/(逐级计算!$Q$50*LN(10))*(MAX((LN(10^(逐级计算!$Q$50/10)-1)+逐级计算!$Q$50*(AX7-逐级计算!$P$50)*LN(10)/10),0)+LN(1+EXP(-ABS((LN(10^(逐级计算!$Q$50/10)-1)+逐级计算!$Q$50*(AX7-逐级计算!$P$50)*LN(10)/10))))))),"") -> 15.95762 | AZ7: =IF(AND(ISNUMBER(AY7),逐级计算!$X$51>-1),IF(逐级计算!$X$51=0,AY7+逐级计算!$C$51,AY7+逐级计算!$C$51-(10/(逐级计算!$Q$51*LN(10))*(MAX((LN(10^(逐级计算!$Q$51/10)-1)+逐级计算!$Q$51*(AY7-逐级计算!$P$51)*LN(10)/10),0)+LN(1+EXP(-ABS((LN(10^(逐级计算!$Q$51/10)-1)+逐级计算!$Q$51*(AY7-逐级计算!$P$51)*LN(10)/10))))))),"") -> 15.95762 | BA7: =IF(AND(ISNUMBER(AZ7),逐级计算!$X$52>-1),IF(逐级计算!$X$52=0,AZ7+逐级计算!$C$52,AZ7+逐级计算!$C$52-(10/(逐级计算!$Q$52*LN(10))*(MAX((LN(10^(逐级计算!$Q$52/10)-1)+逐级计算!$Q$52*(AZ7-逐级计算!$P$52)*LN(10)/10),0)+LN(1+EXP(-ABS((LN(10^(逐级计算!$Q$52/10)-1)+逐级计算!$Q$52*(AZ7-逐级计算!$P$52)*LN(10)/10))))))),"") -> 15.95762 | BB7: =IF(AND(ISNUMBER(BA7),逐级计算!$X$53>-1),IF(逐级计算!$X$53=0,BA7+逐级计算!$C$53,BA7+逐级计算!$C$53-(10/(逐级计算!$Q$53*LN(10))*(MAX((LN(10^(逐级计算!$Q$53/10)-1)+逐级计算!$Q$53*(BA7-逐级计算!$P$53)*LN(10)/10),0)+LN(1+EXP(-ABS((LN(10^(逐级计算!$Q$53/10)-1)+逐级计算!$Q$53*(BA7-逐级计算!$P$53)*LN(10)/10))))))),"") -> 15.95762 | BC7: =IF(AND(ISNUMBER(BB7),逐级计算!$X$54>-1),IF(逐级计算!$X$54=0,BB7+逐级计算!$C$54,BB7+逐级计算!$C$54-(10/(逐级计算!$Q$54*LN(10))*(MAX((LN(10^(逐级计算!$Q$54/10)-1)+逐级计算!$Q$54*(BB7-逐级计算!$P$54)*LN(10)/10),0)+LN(1+EXP(-ABS((LN(10^(逐级计算!$Q$54/10)-1)+逐级计算!$Q$54*(BB7-逐级计算!$P$54)*LN(10)/10))))))),"") -> 15.95762 | BD7: =IF(AND(ISNUMBER(BC7),逐级计算!$X$55>-1),IF(逐级计算!$X$55=0,BC7+逐级计算!$C$55,BC7+逐级计算!$C$55-(10/(逐级计算!$Q$55*LN(10))*(MAX((LN(10^(逐级计算!$Q$55/10)-1)+逐级计算!$Q$55*(BC7-逐级计算!$P$55)*LN(10)/10),0)+LN(1+EXP(-ABS((LN(10^(逐级计算!$Q$55/10)-1)+逐级计算!$Q$55*(BC7-逐级计算!$P$55)*LN(10)/10))))))),"") -> 15.95762 | BE7: =IF(AND(ISNUMBER(BD7),逐级计算!$X$56>-1),IF(逐级计算!$X$56=0,BD7+逐级计算!$C$56,BD7+逐级计算!$C$56-(10/(逐级计算!$Q$56*LN(10))*(MAX((LN(10^(逐级计算!$Q$56/10)-1)+逐级计算!$Q$56*(BD7-逐级计算!$P$56)*LN(10)/10),0)+LN(1+EXP(-ABS((LN(10^(逐级计算!$Q$56/10)-1)+逐级计算!$Q$56*(BD7-逐级计算!$P$56)*LN(10)/10))))))),"") -> 15.95762 | BF7: =IF(AND(ISNUMBER(BE7),逐级计算!$X$57>-1),IF(逐级计算!$X$57=0,BE7+逐级计算!$C$57,BE7+逐级计算!$C$57-(10/(逐级计算!$Q$57*LN(10))*(MAX((LN(10^(逐级计算!$Q$57/10)-1)+逐级计算!$Q$57*(BE7-逐级计算!$P$57)*LN(10)/10),0)+LN(1+EXP(-ABS((LN(10^(逐级计算!$Q$57/10)-1)+逐级计算!$Q$57*(BE7-逐级计算!$P$57)*LN(10)/10))))))),"") -> 15.95762 | BG7: =IF(AND(ISNUMBER(BF7),逐级计算!$X$58>-1),IF(逐级计算!$X$58=0,BF7+逐级计算!$C$58,BF7+逐级计算!$C$58-(10/(逐级计算!$Q$58*LN(10))*(MAX((LN(10^(逐级计算!$Q$58/10)-1)+逐级计算!$Q$58*(BF7-逐级计算!$P$58)*LN(10)/10),0)+LN(1+EXP(-ABS((LN(10^(逐级计算!$Q$58/10)-1)+逐级计算!$Q$58*(BF7-逐级计算!$P$58)*LN(10)/10))))))),"") -> 15.95762 | BH7: =IF(AND(ISNUMBER(BG7),逐级计算!$X$59>-1),IF(逐级计算!$X$59=0,BG7+逐级计算!$C$59,BG7+逐级计算!$C$59-(10/(逐级计算!$Q$59*LN(10))*(MAX((LN(10^(逐级计算!$Q$59/10)-1)+逐级计算!$Q$59*(BG7-逐级计算!$P$59)*LN(10)/10),0)+LN(1+EXP(-ABS((LN(10^(逐级计算!$Q$59/10)-1)+逐级计算!$Q$59*(BG7-逐级计算!$P$59)*LN(10)/10))))))),"") -> 15.95762 | BI7: =IF(AND(ISNUMBER(BH7),逐级计算!$X$60>-1),IF(逐级计算!$X$60=0,BH7+逐级计算!$C$60,BH7+逐级计算!$C$60-(10/(逐级计算!$Q$60*LN(10))*(MAX((LN(10^(逐级计算!$Q$60/10)-1)+逐级计算!$Q$60*(BH7-逐级计算!$P$60)*LN(10)/10),0)+LN(1+EXP(-ABS((LN(10^(逐级计算!$Q$60/10)-1)+逐级计算!$Q$60*(BH7-逐级计算!$P$60)*LN(10)/10))))))),"") -> 15.95762 | BJ7: =IF(AND(ISNUMBER(BI7),逐级计算!$X$61>-1),IF(逐级计算!$X$61=0,BI7+逐级计算!$C$61,BI7+逐级计算!$C$61-(10/(逐级计算!$Q$61*LN(10))*(MAX((LN(10^(逐级计算!$Q$61/10)-1)+逐级计算!$Q$61*(BI7-逐级计算!$P$61)*LN(10)/10),0)+LN(1+EXP(-ABS((LN(10^(逐级计算!$Q$61/10)-1)+逐级计算!$Q$61*(BI7-逐级计算!$P$61)*LN(10)/10))))))),"") -> 15.95762 | BK7: =IF(AND(ISNUMBER(BJ7),逐级计算!$X$62>-1),IF(逐级计算!$X$62=0,BJ7+逐级计算!$C$62,BJ7+逐级计算!$C$62-(10/(逐级计算!$Q$62*LN(10))*(MAX((LN(10^(逐级计算!$Q$62/10)-1)+逐级计算!$Q$62*(BJ7-逐级计算!$P$62)*LN(10)/10),0)+LN(1+EXP(-ABS((LN(10^(逐级计算!$Q$62/10)-1)+逐级计算!$Q$62*(BJ7-逐级计算!$P$62)*LN(10)/10))))))),"") -> 15.95762 | BL7: =IF(AND(ISNUMBER(BK7),逐级计算!$X$63>-1),IF(逐级计算!$X$63=0,BK7+逐级计算!$C$63,BK7+逐级计算!$C$63-(10/(逐级计算!$Q$63*LN(10))*(MAX((LN(10^(逐级计算!$Q$63/10)-1)+逐级计算!$Q$63*(BK7-逐级计算!$P$63)*LN(10)/10),0)+LN(1+EXP(-ABS((LN(10^(逐级计算!$Q$63/10)-1)+逐级计算!$Q$63*(BK7-逐级计算!$P$63)*LN(10)/10))))))),"") -> 15.95762 | BM7: =IF(AND(ISNUMBER(BL7),逐级计算!$X$64>-1),IF(逐级计算!$X$64=0,BL7+逐级计算!$C$64,BL7+逐级计算!$C$64-(10/(逐级计算!$Q$64*LN(10))*(MAX((LN(10^(逐级计算!$Q$64/10)-1)+逐级计算!$Q$64*(BL7-逐级计算!$P$64)*LN(10)/10),0)+LN(1+EXP(-ABS((LN(10^(逐级计算!$Q$64/10)-1)+逐级计算!$Q$64*(BL7-逐级计算!$P$64)*LN(10)/10))))))),"") -> 15.95762 | BN7: =IF(AND(ISNUMBER(BM7),逐级计算!$X$65>-1),IF(逐级计算!$X$65=0,BM7+逐级计算!$C$65,BM7+逐级计算!$C$65-(10/(逐级计算!$Q$65*LN(10))*(MAX((LN(10^(逐级计算!$Q$65/10)-1)+逐级计算!$Q$65*(BM7-逐级计算!$P$65)*LN(10)/10),0)+LN(1+EXP(-ABS((LN(10^(逐级计算!$Q$65/10)-1)+逐级计算!$Q$65*(BM7-逐级计算!$P$65)*LN(10)/10))))))),"") -> 15.95762 | BO7: =IF(AND(ISNUMBER(BN7),逐级计算!$X$66>-1),IF(逐级计算!$X$66=0,BN7+逐级计算!$C$66,BN7+逐级计算!$C$66-(10/(逐级计算!$Q$66*LN(10))*(MAX((LN(10^(逐级计算!$Q$66/10)-1)+逐级计算!$Q$66*(BN7-逐级计算!$P$66)*LN(10)/10),0)+LN(1+EXP(-ABS((LN(10^(逐级计算!$Q$66/10)-1)+逐级计算!$Q$66*(BN7-逐级计算!$P$66)*LN(10)/10))))))),"") -> 15.95762 | BP7: =IF(AND(ISNUMBER(BO7),逐级计算!$X$67>-1),IF(逐级计算!$X$67=0,BO7+逐级计算!$C$67,BO7+逐级计算!$C$67-(10/(逐级计算!$Q$67*LN(10))*(MAX((LN(10^(逐级计算!$Q$67/10)-1)+逐级计算!$Q$67*(BO7-逐级计算!$P$67)*LN(10)/10),0)+LN(1+EXP(-ABS((LN(10^(逐级计算!$Q$67/10)-1)+逐级计算!$Q$67*(BO7-逐级计算!$P$67)*LN(10)/10))))))),"") -> 15.95762 | BQ7: =IF(AND(ISNUMBER(BP7),逐级计算!$X$68>-1),IF(逐级计算!$X$68=0,BP7+逐级计算!$C$68,BP7+逐级计算!$C$68-(10/(逐级计算!$Q$68*LN(10))*(MAX((LN(10^(逐级计算!$Q$68/10)-1)+逐级计算!$Q$68*(BP7-逐级计算!$P$68)*LN(10)/10),0)+LN(1+EXP(-ABS((LN(10^(逐级计算!$Q$68/10)-1)+逐级计算!$Q$68*(BP7-逐级计算!$P$68)*LN(10)/10))))))),"") -> 15.95762 | BR7: =IF(AND(ISNUMBER(BQ7),逐级计算!$X$69>-1),IF(逐级计算!$X$69=0,BQ7+逐级计算!$C$69,BQ7+逐级计算!$C$69-(10/(逐级计算!$Q$69*LN(10))*(MAX((LN(10^(逐级计算!$Q$69/10)-1)+逐级计算!$Q$69*(BQ7-逐级计算!$P$69)*LN(10)/10),0)+LN(1+EXP(-ABS((LN(10^(逐级计算!$Q$69/10)-1)+逐级计算!$Q$69*(BQ7-逐级计算!$P$69)*LN(10)/10))))))),"") -> 15.95762 | BS7: =IF(AND(ISNUMBER(BR7),逐级计算!$X$70>-1),IF(逐级计算!$X$70=0,BR7+逐级计算!$C$70,BR7+逐级计算!$C$70-(10/(逐级计算!$Q$70*LN(10))*(MAX((LN(10^(逐级计算!$Q$70/10)-1)+逐级计算!$Q$70*(BR7-逐级计算!$P$70)*LN(10)/10),0)+LN(1+EXP(-ABS((LN(10^(逐级计算!$Q$70/10)-1)+逐级计算!$Q$70*(BR7-逐级计算!$P$70)*LN(10)/10))))))),"") -> 15.95762 | BT7: =IF(AND(ISNUMBER(BS7),逐级计算!$X$71>-1),IF(逐级计算!$X$71=0,BS7+逐级计算!$C$71,BS7+逐级计算!$C$71-(10/(逐级计算!$Q$71*LN(10))*(MAX((LN(10^(逐级计算!$Q$71/10)-1)+逐级计算!$Q$71*(BS7-逐级计算!$P$71)*LN(10)/10),0)+LN(1+EXP(-ABS((LN(10^(逐级计算!$Q$71/10)-1)+逐级计算!$Q$71*(BS7-逐级计算!$P$71)*LN(10)/10))))))),"") -> 15.95762 | BU7: =IF(AND(ISNUMBER(BT7),逐级计算!$X$72>-1),IF(逐级计算!$X$72=0,BT7+逐级计算!$C$72,BT7+逐级计算!$C$72-(10/(逐级计算!$Q$72*LN(10))*(MAX((LN(10^(逐级计算!$Q$72/10)-1)+逐级计算!$Q$72*(BT7-逐级计算!$P$72)*LN(10)/10),0)+LN(1+EXP(-ABS((LN(10^(逐级计算!$Q$72/10)-1)+逐级计算!$Q$72*(BT7-逐级计算!$P$72)*LN(10)/10))))))),"") -> 15.95762 | BV7: =IF(AND(ISNUMBER(BU7),逐级计算!$X$73>-1),IF(逐级计算!$X$73=0,BU7+逐级计算!$C$73,BU7+逐级计算!$C$73-(10/(逐级计算!$Q$73*LN(10))*(MAX((LN(10^(逐级计算!$Q$73/10)-1)+逐级计算!$Q$73*(BU7-逐级计算!$P$73)*LN(10)/10),0)+LN(1+EXP(-ABS((LN(10^(逐级计算!$Q$73/10)-1)+逐级计算!$Q$73*(BU7-逐级计算!$P$73)*LN(10)/10))))))),"") -> 15.95762 | BW7: =IF(AND(ISNUMBER(BV7),逐级计算!$X$74>-1),IF(逐级计算!$X$74=0,BV7+逐级计算!$C$74,BV7+逐级计算!$C$74-(10/(逐级计算!$Q$74*LN(10))*(MAX((LN(10^(逐级计算!$Q$74/10)-1)+逐级计算!$Q$74*(BV7-逐级计算!$P$74)*LN(10)/10),0)+LN(1+EXP(-ABS((LN(10^(逐级计算!$Q$74/10)-1)+逐级计算!$Q$74*(BV7-逐级计算!$P$74)*LN(10)/10))))))),"") -> 15.95762 | BX7: =IF(AND(ISNUMBER(BW7),逐级计算!$X$75>-1),IF(逐级计算!$X$75=0,BW7+逐级计算!$C$75,BW7+逐级计算!$C$75-(10/(逐级计算!$Q$75*LN(10))*(MAX((LN(10^(逐级计算!$Q$75/10)-1)+逐级计算!$Q$75*(BW7-逐级计算!$P$75)*LN(10)/10),0)+LN(1+EXP(-ABS((LN(10^(逐级计算!$Q$75/10)-1)+逐级计算!$Q$75*(BW7-逐级计算!$P$75)*LN(10)/10))))))),"") -> 15.95762 | BY7: =IF(AND(ISNUMBER(BX7),逐级计算!$X$76>-1),IF(逐级计算!$X$76=0,BX7+逐级计算!$C$76,BX7+逐级计算!$C$76-(10/(逐级计算!$Q$76*LN(10))*(MAX((LN(10^(逐级计算!$Q$76/10)-1)+逐级计算!$Q$76*(BX7-逐级计算!$P$76)*LN(10)/10),0)+LN(1+EXP(-ABS((LN(10^(逐级计算!$Q$76/10)-1)+逐级计算!$Q$76*(BX7-逐级计算!$P$76)*LN(10)/10))))))),"") -> 15.95762 | BZ7: =IF(AND(ISNUMBER(BY7),逐级计算!$X$77>-1),IF(逐级计算!$X$77=0,BY7+逐级计算!$C$77,BY7+逐级计算!$C$77-(10/(逐级计算!$Q$77*LN(10))*(MAX((LN(10^(逐级计算!$Q$77/10)-1)+逐级计算!$Q$77*(BY7-逐级计算!$P$77)*LN(10)/10),0)+LN(1+EXP(-ABS((LN(10^(逐级计算!$Q$77/10)-1)+逐级计算!$Q$77*(BY7-逐级计算!$P$77)*LN(10)/10))))))),"") -> 15.95762 | CA7: =IF(AND(ISNUMBER(BZ7),逐级计算!$X$78>-1),IF(逐级计算!$X$78=0,BZ7+逐级计算!$C$78,BZ7+逐级计算!$C$78-(10/(逐级计算!$Q$78*LN(10))*(MAX((LN(10^(逐级计算!$Q$78/10)-1)+逐级计算!$Q$78*(BZ7-逐级计算!$P$78)*LN(10)/10),0)+LN(1+EXP(-ABS((LN(10^(逐级计算!$Q$78/10)-1)+逐级计算!$Q$78*(BZ7-逐级计算!$P$78)*LN(10)/10))))))),"") -> 15.95762 | CB7: =IF(AND(ISNUMBER(CA7),逐级计算!$X$79>-1),IF(逐级计算!$X$79=0,CA7+逐级计算!$C$79,CA7+逐级计算!$C$79-(10/(逐级计算!$Q$79*LN(10))*(MAX((LN(10^(逐级计算!$Q$79/10)-1)+逐级计算!$Q$79*(CA7-逐级计算!$P$79)*LN(10)/10),0)+LN(1+EXP(-ABS((LN(10^(逐级计算!$Q$79/10)-1)+逐级计算!$Q$79*(CA7-逐级计算!$P$79)*LN(10)/10))))))),"") -> 15.95762 | CC7: =IF(AND(ISNUMBER(CB7),逐级计算!$X$80>-1),IF(逐级计算!$X$80=0,CB7+逐级计算!$C$80,CB7+逐级计算!$C$80-(10/(逐级计算!$Q$80*LN(10))*(MAX((LN(10^(逐级计算!$Q$80/10)-1)+逐级计算!$Q$80*(CB7-逐级计算!$P$80)*LN(10)/10),0)+LN(1+EXP(-ABS((LN(10^(逐级计算!$Q$80/10)-1)+逐级计算!$Q$80*(CB7-逐级计算!$P$80)*LN(10)/10))))))),"") -> 15.95762 | CD7: =IF(AND(ISNUMBER(CC7),逐级计算!$X$81>-1),IF(逐级计算!$X$81=0,CC7+逐级计算!$C$81,CC7+逐级计算!$C$81-(10/(逐级计算!$Q$81*LN(10))*(MAX((LN(10^(逐级计算!$Q$81/10)-1)+逐级计算!$Q$81*(CC7-逐级计算!$P$81)*LN(10)/10),0)+LN(1+EXP(-ABS((LN(10^(逐级计算!$Q$81/10)-1)+逐级计算!$Q$81*(CC7-逐级计算!$P$81)*LN(10)/10))))))),"") -> 15.95762 | CE7: =IF(AND(ISNUMBER(CD7),逐级计算!$X$82>-1),IF(逐级计算!$X$82=0,CD7+逐级计算!$C$82,CD7+逐级计算!$C$82-(10/(逐级计算!$Q$82*LN(10))*(MAX((LN(10^(逐级计算!$Q$82/10)-1)+逐级计算!$Q$82*(CD7-逐级计算!$P$82)*LN(10)/10),0)+LN(1+EXP(-ABS((LN(10^(逐级计算!$Q$82/10)-1)+逐级计算!$Q$82*(CD7-逐级计算!$P$82)*LN(10)/10))))))),"") -> 15.95762 | CF7: =IF(AND(ISNUMBER(CE7),逐级计算!$X$83>-1),IF(逐级计算!$X$83=0,CE7+逐级计算!$C$83,CE7+逐级计算!$C$83-(10/(逐级计算!$Q$83*LN(10))*(MAX((LN(10^(逐级计算!$Q$83/10)-1)+逐级计算!$Q$83*(CE7-逐级计算!$P$83)*LN(10)/10),0)+LN(1+EXP(-ABS((LN(10^(逐级计算!$Q$83/10)-1)+逐级计算!$Q$83*(CE7-逐级计算!$P$83)*LN(10)/10))))))),"") -> 15.95762 | CG7: =IF(AND(ISNUMBER(CF7),逐级计算!$X$84>-1),IF(逐级计算!$X$84=0,CF7+逐级计算!$C$84,CF7+逐级计算!$C$84-(10/(逐级计算!$Q$84*LN(10))*(MAX((LN(10^(逐级计算!$Q$84/10)-1)+逐级计算!$Q$84*(CF7-逐级计算!$P$84)*LN(10)/10),0)+LN(1+EXP(-ABS((LN(10^(逐级计算!$Q$84/10)-1)+逐级计算!$Q$84*(CF7-逐级计算!$P$84)*LN(10)/10))))))),"") -> 15.95762 | CH7: =IF(AND(ISNUMBER(CG7),逐级计算!$X$85>-1),IF(逐级计算!$X$85=0,CG7+逐级计算!$C$85,CG7+逐级计算!$C$85-(10/(逐级计算!$Q$85*LN(10))*(MAX((LN(10^(逐级计算!$Q$85/10)-1)+逐级计算!$Q$85*(CG7-逐级计算!$P$85)*LN(10)/10),0)+LN(1+EXP(-ABS((LN(10^(逐级计算!$Q$85/10)-1)+逐级计算!$Q$85*(CG7-逐级计算!$P$85)*LN(10)/10))))))),"") -> 15.95762 | CI7: =IF(AND(ISNUMBER(CH7),逐级计算!$X$86>-1),IF(逐级计算!$X$86=0,CH7+逐级计算!$C$86,CH7+逐级计算!$C$86-(10/(逐级计算!$Q$86*LN(10))*(MAX((LN(10^(逐级计算!$Q$86/10)-1)+逐级计算!$Q$86*(CH7-逐级计算!$P$86)*LN(10)/10),0)+LN(1+EXP(-ABS((LN(10^(逐级计算!$Q$86/10)-1)+逐级计算!$Q$86*(CH7-逐级计算!$P$86)*LN(10)/10))))))),"") -> 15.95762 | CJ7: =IF(AND(ISNUMBER(CI7),逐级计算!$X$87>-1),IF(逐级计算!$X$87=0,CI7+逐级计算!$C$87,CI7+逐级计算!$C$87-(10/(逐级计算!$Q$87*LN(10))*(MAX((LN(10^(逐级计算!$Q$87/10)-1)+逐级计算!$Q$87*(CI7-逐级计算!$P$87)*LN(10)/10),0)+LN(1+EXP(-ABS((LN(10^(逐级计算!$Q$87/10)-1)+逐级计算!$Q$87*(CI7-逐级计算!$P$87)*LN(10)/10))))))),"") -> 15.95762 | CK7: =IF(AND(ISNUMBER(CJ7),逐级计算!$X$88>-1),IF(逐级计算!$X$88=0,CJ7+逐级计算!$C$88,CJ7+逐级计算!$C$88-(10/(逐级计算!$Q$88*LN(10))*(MAX((LN(10^(逐级计算!$Q$88/10)-1)+逐级计算!$Q$88*(CJ7-逐级计算!$P$88)*LN(10)/10),0)+LN(1+EXP(-ABS((LN(10^(逐级计算!$Q$88/10)-1)+逐级计算!$Q$88*(CJ7-逐级计算!$P$88)*LN(10)/10))))))),"") -> 15.95762 | CL7: =IF(AND(ISNUMBER(CK7),逐级计算!$X$89>-1),IF(逐级计算!$X$89=0,CK7+逐级计算!$C$89,CK7+逐级计算!$C$89-(10/(逐级计算!$Q$89*LN(10))*(MAX((LN(10^(逐级计算!$Q$89/10)-1)+逐级计算!$Q$89*(CK7-逐级计算!$P$89)*LN(10)/10),0)+LN(1+EXP(-ABS((LN(10^(逐级计算!$Q$89/10)-1)+逐级计算!$Q$89*(CK7-逐级计算!$P$89)*LN(10)/10))))))),"") -> 15.95762 | CM7: =IF(AND(ISNUMBER(CL7),逐级计算!$X$90>-1),IF(逐级计算!$X$90=0,CL7+逐级计算!$C$90,CL7+逐级计算!$C$90-(10/(逐级计算!$Q$90*LN(10))*(MAX((LN(10^(逐级计算!$Q$90/10)-1)+逐级计算!$Q$90*(CL7-逐级计算!$P$90)*LN(10)/10),0)+LN(1+EXP(-ABS((LN(10^(逐级计算!$Q$90/10)-1)+逐级计算!$Q$90*(CL7-逐级计算!$P$90)*LN(10)/10))))))),"") -> 15.95762 | CN7: =IF(AND(ISNUMBER(CM7),逐级计算!$X$91>-1),IF(逐级计算!$X$91=0,CM7+逐级计算!$C$91,CM7+逐级计算!$C$91-(10/(逐级计算!$Q$91*LN(10))*(MAX((LN(10^(逐级计算!$Q$91/10)-1)+逐级计算!$Q$91*(CM7-逐级计算!$P$91)*LN(10)/10),0)+LN(1+EXP(-ABS((LN(10^(逐级计算!$Q$91/10)-1)+逐级计算!$Q$91*(CM7-逐级计算!$P$91)*LN(10)/10))))))),"") -> 15.95762 | CO7: =IF(AND(ISNUMBER(CN7),逐级计算!$X$92>-1),IF(逐级计算!$X$92=0,CN7+逐级计算!$C$92,CN7+逐级计算!$C$92-(10/(逐级计算!$Q$92*LN(10))*(MAX((LN(10^(逐级计算!$Q$92/10)-1)+逐级计算!$Q$92*(CN7-逐级计算!$P$92)*LN(10)/10),0)+LN(1+EXP(-ABS((LN(10^(逐级计算!$Q$92/10)-1)+逐级计算!$Q$92*(CN7-逐级计算!$P$92)*LN(10)/10))))))),"") -> 15.95762 | CP7: =IF(AND(ISNUMBER(CO7),逐级计算!$X$93>-1),IF(逐级计算!$X$93=0,CO7+逐级计算!$C$93,CO7+逐级计算!$C$93-(10/(逐级计算!$Q$93*LN(10))*(MAX((LN(10^(逐级计算!$Q$93/10)-1)+逐级计算!$Q$93*(CO7-逐级计算!$P$93)*LN(10)/10),0)+LN(1+EXP(-ABS((LN(10^(逐级计算!$Q$93/10)-1)+逐级计算!$Q$93*(CO7-逐级计算!$P$93)*LN(10)/10))))))),"") -> 15.95762 | CQ7: =IF(AND(ISNUMBER(CP7),逐级计算!$X$94>-1),IF(逐级计算!$X$94=0,CP7+逐级计算!$C$94,CP7+逐级计算!$C$94-(10/(逐级计算!$Q$94*LN(10))*(MAX((LN(10^(逐级计算!$Q$94/10)-1)+逐级计算!$Q$94*(CP7-逐级计算!$P$94)*LN(10)/10),0)+LN(1+EXP(-ABS((LN(10^(逐级计算!$Q$94/10)-1)+逐级计算!$Q$94*(CP7-逐级计算!$P$94)*LN(10)/10))))))),"") -> 15.95762 | CR7: =IF(AND(ISNUMBER(CQ7),逐级计算!$X$95>-1),IF(逐级计算!$X$95=0,CQ7+逐级计算!$C$95,CQ7+逐级计算!$C$95-(10/(逐级计算!$Q$95*LN(10))*(MAX((LN(10^(逐级计算!$Q$95/10)-1)+逐级计算!$Q$95*(CQ7-逐级计算!$P$95)*LN(10)/10),0)+LN(1+EXP(-ABS((LN(10^(逐级计算!$Q$95/10)-1)+逐级计算!$Q$95*(CQ7-逐级计算!$P$95)*LN(10)/10))))))),"") -> 15.95762 | CS7: =IF(AND(ISNUMBER(CR7),逐级计算!$X$96>-1),IF(逐级计算!$X$96=0,CR7+逐级计算!$C$96,CR7+逐级计算!$C$96-(10/(逐级计算!$Q$96*LN(10))*(MAX((LN(10^(逐级计算!$Q$96/10)-1)+逐级计算!$Q$96*(CR7-逐级计算!$P$96)*LN(10)/10),0)+LN(1+EXP(-ABS((LN(10^(逐级计算!$Q$96/10)-1)+逐级计算!$Q$96*(CR7-逐级计算!$P$96)*LN(10)/10))))))),"") -> 15.95762 | CT7: =IF(AND(ISNUMBER(CS7),逐级计算!$X$97>-1),IF(逐级计算!$X$97=0,CS7+逐级计算!$C$97,CS7+逐级计算!$C$97-(10/(逐级计算!$Q$97*LN(10))*(MAX((LN(10^(逐级计算!$Q$97/10)-1)+逐级计算!$Q$97*(CS7-逐级计算!$P$97)*LN(10)/10),0)+LN(1+EXP(-ABS((LN(10^(逐级计算!$Q$97/10)-1)+逐级计算!$Q$97*(CS7-逐级计算!$P$97)*LN(10)/10))))))),"") -> 15.95762 | CU7: =IF(AND(ISNUMBER(CT7),逐级计算!$X$98>-1),IF(逐级计算!$X$98=0,CT7+逐级计算!$C$98,CT7+逐级计算!$C$98-(10/(逐级计算!$Q$98*LN(10))*(MAX((LN(10^(逐级计算!$Q$98/10)-1)+逐级计算!$Q$98*(CT7-逐级计算!$P$98)*LN(10)/10),0)+LN(1+EXP(-ABS((LN(10^(逐级计算!$Q$98/10)-1)+逐级计算!$Q$98*(CT7-逐级计算!$P$98)*LN(10)/10))))))),"") -> 15.95762 | CV7: =IF(AND(ISNUMBER(CU7),逐级计算!$X$99>-1),IF(逐级计算!$X$99=0,CU7+逐级计算!$C$99,CU7+逐级计算!$C$99-(10/(逐级计算!$Q$99*LN(10))*(MAX((LN(10^(逐级计算!$Q$99/10)-1)+逐级计算!$Q$99*(CU7-逐级计算!$P$99)*LN(10)/10),0)+LN(1+EXP(-ABS((LN(10^(逐级计算!$Q$99/10)-1)+逐级计算!$Q$99*(CU7-逐级计算!$P$99)*LN(10)/10))))))),"") -> 15.95762 | CW7: =IF(AND(ISNUMBER(CV7),逐级计算!$X$100>-1),IF(逐级计算!$X$100=0,CV7+逐级计算!$C$100,CV7+逐级计算!$C$100-(10/(逐级计算!$Q$100*LN(10))*(MAX((LN(10^(逐级计算!$Q$100/10)-1)+逐级计算!$Q$100*(CV7-逐级计算!$P$100)*LN(10)/10),0)+LN(1+EXP(-ABS((LN(10^(逐级计算!$Q$100/10)-1)+逐级计算!$Q$100*(CV7-逐级计算!$P$100)*LN(10)/10))))))),"") -> 15.95762 | CX7: =IF(AND(ISNUMBER(CW7),逐级计算!$X$101>-1),IF(逐级计算!$X$101=0,CW7+逐级计算!$C$101,CW7+逐级计算!$C$101-(10/(逐级计算!$Q$101*LN(10))*(MAX((LN(10^(逐级计算!$Q$101/10)-1)+逐级计算!$Q$101*(CW7-逐级计算!$P$101)*LN(10)/10),0)+LN(1+EXP(-ABS((LN(10^(逐级计算!$Q$101/10)-1)+逐级计算!$Q$101*(CW7-逐级计算!$P$101)*LN(10)/10))))))),"") -> 15.95762 | CY7: =IF(AND(ISNUMBER(CX7),逐级计算!$X$102>-1),IF(逐级计算!$X$102=0,CX7+逐级计算!$C$102,CX7+逐级计算!$C$102-(10/(逐级计算!$Q$102*LN(10))*(MAX((LN(10^(逐级计算!$Q$102/10)-1)+逐级计算!$Q$102*(CX7-逐级计算!$P$102)*LN(10)/10),0)+LN(1+EXP(-ABS((LN(10^(逐级计算!$Q$102/10)-1)+逐级计算!$Q$102*(CX7-逐级计算!$P$102)*LN(10)/10))))))),"") -> 15.95762 | CZ7: =IF(AND(ISNUMBER(CY7),逐级计算!$X$103>-1),IF(逐级计算!$X$103=0,CY7+逐级计算!$C$103,CY7+逐级计算!$C$103-(10/(逐级计算!$Q$103*LN(10))*(MAX((LN(10^(逐级计算!$Q$103/10)-1)+逐级计算!$Q$103*(CY7-逐级计算!$P$103)*LN(10)/10),0)+LN(1+EXP(-ABS((LN(10^(逐级计算!$Q$103/10)-1)+逐级计算!$Q$103*(CY7-逐级计算!$P$103)*LN(10)/10))))))),"") -> 15.95762 | DA7: =IF(AND(ISNUMBER(CZ7),逐级计算!$X$104>-1),IF(逐级计算!$X$104=0,CZ7+逐级计算!$C$104,CZ7+逐级计算!$C$104-(10/(逐级计算!$Q$104*LN(10))*(MAX((LN(10^(逐级计算!$Q$104/10)-1)+逐级计算!$Q$104*(CZ7-逐级计算!$P$104)*LN(10)/10),0)+LN(1+EXP(-ABS((LN(10^(逐级计算!$Q$104/10)-1)+逐级计算!$Q$104*(CZ7-逐级计算!$P$104)*LN(10)/10))))))),"") -> 15.95762 | DB7: =IF(AND(ISNUMBER(DA7),逐级计算!$X$105>-1),IF(逐级计算!$X$105=0,DA7+逐级计算!$C$105,DA7+逐级计算!$C$105-(10/(逐级计算!$Q$105*LN(10))*(MAX((LN(10^(逐级计算!$Q$105/10)-1)+逐级计算!$Q$105*(DA7-逐级计算!$P$105)*LN(10)/10),0)+LN(1+EXP(-ABS((LN(10^(逐级计算!$Q$105/10)-1)+逐级计算!$Q$105*(DA7-逐级计算!$P$105)*LN(10)/10))))))),"") -> 15.95762 | DC7: =IF(AND(ISNUMBER(DB7),逐级计算!$X$106>-1),IF(逐级计算!$X$106=0,DB7+逐级计算!$C$106,DB7+逐级计算!$C$106-(10/(逐级计算!$Q$106*LN(10))*(MAX((LN(10^(逐级计算!$Q$106/10)-1)+逐级计算!$Q$106*(DB7-逐级计算!$P$106)*LN(10)/10),0)+LN(1+EXP(-ABS((LN(10^(逐级计算!$Q$106/10)-1)+逐级计算!$Q$106*(DB7-逐级计算!$P$106)*LN(10)/10))))))),"") -> 15.95762 | DD7: =IF(AND(ISNUMBER(DC7),逐级计算!$X$107>-1),IF(逐级计算!$X$107=0,DC7+逐级计算!$C$107,DC7+逐级计算!$C$107-(10/(逐级计算!$Q$107*LN(10))*(MAX((LN(10^(逐级计算!$Q$107/10)-1)+逐级计算!$Q$107*(DC7-逐级计算!$P$107)*LN(10)/10),0)+LN(1+EXP(-ABS((LN(10^(逐级计算!$Q$107/10)-1)+逐级计算!$Q$107*(DC7-逐级计算!$P$107)*LN(10)/10))))))),"") -> 15.95762 | DE7: =IF(AND(ISNUMBER(DD7),逐级计算!$X$108>-1),IF(逐级计算!$X$108=0,DD7+逐级计算!$C$108,DD7+逐级计算!$C$108-(10/(逐级计算!$Q$108*LN(10))*(MAX((LN(10^(逐级计算!$Q$108/10)-1)+逐级计算!$Q$108*(DD7-逐级计算!$P$108)*LN(10)/10),0)+LN(1+EXP(-ABS((LN(10^(逐级计算!$Q$108/10)-1)+逐级计算!$Q$108*(DD7-逐级计算!$P$108)*LN(10)/10))))))),"") -> 15.95762 | DF7: =IF(AND(ISNUMBER(DE7),逐级计算!$X$109>-1),IF(逐级计算!$X$109=0,DE7+逐级计算!$C$109,DE7+逐级计算!$C$109-(10/(逐级计算!$Q$109*LN(10))*(MAX((LN(10^(逐级计算!$Q$109/10)-1)+逐级计算!$Q$109*(DE7-逐级计算!$P$109)*LN(10)/10),0)+LN(1+EXP(-ABS((LN(10^(逐级计算!$Q$109/10)-1)+逐级计算!$Q$109*(DE7-逐级计算!$P$109)*LN(10)/10))))))),"") -> 15.95762 | DG7: =IF(AND(ISNUMBER(DF7),逐级计算!$X$110>-1),IF(逐级计算!$X$110=0,DF7+逐级计算!$C$110,DF7+逐级计算!$C$110-(10/(逐级计算!$Q$110*LN(10))*(MAX((LN(10^(逐级计算!$Q$110/10)-1)+逐级计算!$Q$110*(DF7-逐级计算!$P$110)*LN(10)/10),0)+LN(1+EXP(-ABS((LN(10^(逐级计算!$Q$110/10)-1)+逐级计算!$Q$110*(DF7-逐级计算!$P$110)*LN(10)/10))))))),"") -> 15.95762 | DH7: =IF(AND(ISNUMBER(DG7),逐级计算!$X$111>-1),IF(逐级计算!$X$111=0,DG7+逐级计算!$C$111,DG7+逐级计算!$C$111-(10/(逐级计算!$Q$111*LN(10))*(MAX((LN(10^(逐级计算!$Q$111/10)-1)+逐级计算!$Q$111*(DG7-逐级计算!$P$111)*LN(10)/10),0)+LN(1+EXP(-ABS((LN(10^(逐级计算!$Q$111/10)-1)+逐级计算!$Q$111*(DG7-逐级计算!$P$111)*LN(10)/10))))))),"") -> 15.95762 | DI7: =IF(AND(ISNUMBER(DH7),逐级计算!$X$112>-1),IF(逐级计算!$X$112=0,DH7+逐级计算!$C$112,DH7+逐级计算!$C$112-(10/(逐级计算!$Q$112*LN(10))*(MAX((LN(10^(逐级计算!$Q$112/10)-1)+逐级计算!$Q$112*(DH7-逐级计算!$P$112)*LN(10)/10),0)+LN(1+EXP(-ABS((LN(10^(逐级计算!$Q$112/10)-1)+逐级计算!$Q$112*(DH7-逐级计算!$P$112)*LN(10)/10))))))),"") -> 15.95762 | DJ7: =IF(AND(ISNUMBER(DI7),逐级计算!$X$113>-1),IF(逐级计算!$X$113=0,DI7+逐级计算!$C$113,DI7+逐级计算!$C$113-(10/(逐级计算!$Q$113*LN(10))*(MAX((LN(10^(逐级计算!$Q$113/10)-1)+逐级计算!$Q$113*(DI7-逐级计算!$P$113)*LN(10)/10),0)+LN(1+EXP(-ABS((LN(10^(逐级计算!$Q$113/10)-1)+逐级计算!$Q$113*(DI7-逐级计算!$P$113)*LN(10)/10))))))),"") -> 15.95762 | DK7: =IF(AND(ISNUMBER(DJ7),逐级计算!$X$114>-1),IF(逐级计算!$X$114=0,DJ7+逐级计算!$C$114,DJ7+逐级计算!$C$114-(10/(逐级计算!$Q$114*LN(10))*(MAX((LN(10^(逐级计算!$Q$114/10)-1)+逐级计算!$Q$114*(DJ7-逐级计算!$P$114)*LN(10)/10),0)+LN(1+EXP(-ABS((LN(10^(逐级计算!$Q$114/10)-1)+逐级计算!$Q$114*(DJ7-逐级计算!$P$114)*LN(10)/10))))))),"") -> 15.95762 | DL7: =IF(AND(ISNUMBER(DK7),逐级计算!$X$115>-1),IF(逐级计算!$X$115=0,DK7+逐级计算!$C$115,DK7+逐级计算!$C$115-(10/(逐级计算!$Q$115*LN(10))*(MAX((LN(10^(逐级计算!$Q$115/10)-1)+逐级计算!$Q$115*(DK7-逐级计算!$P$115)*LN(10)/10),0)+LN(1+EXP(-ABS((LN(10^(逐级计算!$Q$115/10)-1)+逐级计算!$Q$115*(DK7-逐级计算!$P$115)*LN(10)/10))))))),"") -> 15.95762 | DM7: =IF(AND(ISNUMBER(DL7),逐级计算!$X$116>-1),IF(逐级计算!$X$116=0,DL7+逐级计算!$C$116,DL7+逐级计算!$C$116-(10/(逐级计算!$Q$116*LN(10))*(MAX((LN(10^(逐级计算!$Q$116/10)-1)+逐级计算!$Q$116*(DL7-逐级计算!$P$116)*LN(10)/10),0)+LN(1+EXP(-ABS((LN(10^(逐级计算!$Q$116/10)-1)+逐级计算!$Q$116*(DL7-逐级计算!$P$116)*LN(10)/10))))))),"") -> 15.95762 | DN7: =IF(AND(ISNUMBER(DM7),逐级计算!$X$117>-1),IF(逐级计算!$X$117=0,DM7+逐级计算!$C$117,DM7+逐级计算!$C$117-(10/(逐级计算!$Q$117*LN(10))*(MAX((LN(10^(逐级计算!$Q$117/10)-1)+逐级计算!$Q$117*(DM7-逐级计算!$P$117)*LN(10)/10),0)+LN(1+EXP(-ABS((LN(10^(逐级计算!$Q$117/10)-1)+逐级计算!$Q$117*(DM7-逐级计算!$P$117)*LN(10)/10))))))),"") -> 15.95762 | DO7: =IF(AND(ISNUMBER(DN7),逐级计算!$X$118>-1),IF(逐级计算!$X$118=0,DN7+逐级计算!$C$118,DN7+逐级计算!$C$118-(10/(逐级计算!$Q$118*LN(10))*(MAX((LN(10^(逐级计算!$Q$118/10)-1)+逐级计算!$Q$118*(DN7-逐级计算!$P$118)*LN(10)/10),0)+LN(1+EXP(-ABS((LN(10^(逐级计算!$Q$118/10)-1)+逐级计算!$Q$118*(DN7-逐级计算!$P$118)*LN(10)/10))))))),"") -> 15.95762 | DP7: =IF(AND(ISNUMBER(DO7),逐级计算!$X$119>-1),IF(逐级计算!$X$119=0,DO7+逐级计算!$C$119,DO7+逐级计算!$C$119-(10/(逐级计算!$Q$119*LN(10))*(MAX((LN(10^(逐级计算!$Q$119/10)-1)+逐级计算!$Q$119*(DO7-逐级计算!$P$119)*LN(10)/10),0)+LN(1+EXP(-ABS((LN(10^(逐级计算!$Q$119/10)-1)+逐级计算!$Q$119*(DO7-逐级计算!$P$119)*LN(10)/10))))))),"") -> 15.95762 | DQ7: =IF(AND(ISNUMBER(DP7),逐级计算!$X$120>-1),IF(逐级计算!$X$120=0,DP7+逐级计算!$C$120,DP7+逐级计算!$C$120-(10/(逐级计算!$Q$120*LN(10))*(MAX((LN(10^(逐级计算!$Q$120/10)-1)+逐级计算!$Q$120*(DP7-逐级计算!$P$120)*LN(10)/10),0)+LN(1+EXP(-ABS((LN(10^(逐级计算!$Q$120/10)-1)+逐级计算!$Q$120*(DP7-逐级计算!$P$120)*LN(10)/10))))))),"") -> 15.95762 | DR7: =IF(AND(ISNUMBER(DQ7),逐级计算!$X$121>-1),IF(逐级计算!$X$121=0,DQ7+逐级计算!$C$121,DQ7+逐级计算!$C$121-(10/(逐级计算!$Q$121*LN(10))*(MAX((LN(10^(逐级计算!$Q$121/10)-1)+逐级计算!$Q$121*(DQ7-逐级计算!$P$121)*LN(10)/10),0)+LN(1+EXP(-ABS((LN(10^(逐级计算!$Q$121/10)-1)+逐级计算!$Q$121*(DQ7-逐级计算!$P$121)*LN(10)/10))))))),"") -> 15.95762 | DS7: =IF(AND(ISNUMBER(DR7),逐级计算!$X$122>-1),IF(逐级计算!$X$122=0,DR7+逐级计算!$C$122,DR7+逐级计算!$C$122-(10/(逐级计算!$Q$122*LN(10))*(MAX((LN(10^(逐级计算!$Q$122/10)-1)+逐级计算!$Q$122*(DR7-逐级计算!$P$122)*LN(10)/10),0)+LN(1+EXP(-ABS((LN(10^(逐级计算!$Q$122/10)-1)+逐级计算!$Q$122*(DR7-逐级计算!$P$122)*LN(10)/10))))))),"") -> 15.95762 | DT7: =IF(AND(ISNUMBER(DS7),逐级计算!$X$123>-1),IF(逐级计算!$X$123=0,DS7+逐级计算!$C$123,DS7+逐级计算!$C$123-(10/(逐级计算!$Q$123*LN(10))*(MAX((LN(10^(逐级计算!$Q$123/10)-1)+逐级计算!$Q$123*(DS7-逐级计算!$P$123)*LN(10)/10),0)+LN(1+EXP(-ABS((LN(10^(逐级计算!$Q$123/10)-1)+逐级计算!$Q$123*(DS7-逐级计算!$P$123)*LN(10)/10))))))),"") -> 15.95762 | DU7: =IF(AND(ISNUMBER(DT7),逐级计算!$X$124>-1),IF(逐级计算!$X$124=0,DT7+逐级计算!$C$124,DT7+逐级计算!$C$124-(10/(逐级计算!$Q$124*LN(10))*(MAX((LN(10^(逐级计算!$Q$124/10)-1)+逐级计算!$Q$124*(DT7-逐级计算!$P$124)*LN(10)/10),0)+LN(1+EXP(-ABS((LN(10^(逐级计算!$Q$124/10)-1)+逐级计算!$Q$124*(DT7-逐级计算!$P$124)*LN(10)/10))))))),"") -> 15.95762 | DV7: =IF(AND(ISNUMBER(DU7),逐级计算!$X$125>-1),IF(逐级计算!$X$125=0,DU7+逐级计算!$C$125,DU7+逐级计算!$C$125-(10/(逐级计算!$Q$125*LN(10))*(MAX((LN(10^(逐级计算!$Q$125/10)-1)+逐级计算!$Q$125*(DU7-逐级计算!$P$125)*LN(10)/10),0)+LN(1+EXP(-ABS((LN(10^(逐级计算!$Q$125/10)-1)+逐级计算!$Q$125*(DU7-逐级计算!$P$125)*LN(10)/10))))))),"") -> 15.95762 | DW7: =IF(AND(ISNUMBER(DV7),逐级计算!$X$126>-1),IF(逐级计算!$X$126=0,DV7+逐级计算!$C$126,DV7+逐级计算!$C$126-(10/(逐级计算!$Q$126*LN(10))*(MAX((LN(10^(逐级计算!$Q$126/10)-1)+逐级计算!$Q$126*(DV7-逐级计算!$P$126)*LN(10)/10),0)+LN(1+EXP(-ABS((LN(10^(逐级计算!$Q$126/10)-1)+逐级计算!$Q$126*(DV7-逐级计算!$P$126)*LN(10)/10))))))),"") -> 15.95762 | DX7: =IF(AND(ISNUMBER(DW7),逐级计算!$X$127>-1),IF(逐级计算!$X$127=0,DW7+逐级计算!$C$127,DW7+逐级计算!$C$127-(10/(逐级计算!$Q$127*LN(10))*(MAX((LN(10^(逐级计算!$Q$127/10)-1)+逐级计算!$Q$127*(DW7-逐级计算!$P$127)*LN(10)/10),0)+LN(1+EXP(-ABS((LN(10^(逐级计算!$Q$127/10)-1)+逐级计算!$Q$127*(DW7-逐级计算!$P$127)*LN(10)/10))))))),"") -> 15.95762 | DY7: =IF(AND(ISNUMBER(DX7),逐级计算!$X$128>-1),IF(逐级计算!$X$128=0,DX7+逐级计算!$C$128,DX7+逐级计算!$C$128-(10/(逐级计算!$Q$128*LN(10))*(MAX((LN(10^(逐级计算!$Q$128/10)-1)+逐级计算!$Q$128*(DX7-逐级计算!$P$128)*LN(10)/10),0)+LN(1+EXP(-ABS((LN(10^(逐级计算!$Q$128/10)-1)+逐级计算!$Q$128*(DX7-逐级计算!$P$128)*LN(10)/10))))))),"") -> 15.95762 | DZ7: =IF(AND(ISNUMBER(DY7),逐级计算!$X$129>-1),IF(逐级计算!$X$129=0,DY7+逐级计算!$C$129,DY7+逐级计算!$C$129-(10/(逐级计算!$Q$129*LN(10))*(MAX((LN(10^(逐级计算!$Q$129/10)-1)+逐级计算!$Q$129*(DY7-逐级计算!$P$129)*LN(10)/10),0)+LN(1+EXP(-ABS((LN(10^(逐级计算!$Q$129/10)-1)+逐级计算!$Q$129*(DY7-逐级计算!$P$129)*LN(10)/10))))))),"") -> 15.95762 | EA7: =IF(AND(ISNUMBER(DZ7),逐级计算!$X$130>-1),IF(逐级计算!$X$130=0,DZ7+逐级计算!$C$130,DZ7+逐级计算!$C$130-(10/(逐级计算!$Q$130*LN(10))*(MAX((LN(10^(逐级计算!$Q$130/10)-1)+逐级计算!$Q$130*(DZ7-逐级计算!$P$130)*LN(10)/10),0)+LN(1+EXP(-ABS((LN(10^(逐级计算!$Q$130/10)-1)+逐级计算!$Q$130*(DZ7-逐级计算!$P$130)*LN(10)/10))))))),"") -> 15.95762 | EB7: =IF(AND(ISNUMBER(EA7),逐级计算!$X$131>-1),IF(逐级计算!$X$131=0,EA7+逐级计算!$C$131,EA7+逐级计算!$C$131-(10/(逐级计算!$Q$131*LN(10))*(MAX((LN(10^(逐级计算!$Q$131/10)-1)+逐级计算!$Q$131*(EA7-逐级计算!$P$131)*LN(10)/10),0)+LN(1+EXP(-ABS((LN(10^(逐级计算!$Q$131/10)-1)+逐级计算!$Q$131*(EA7-逐级计算!$P$131)*LN(10)/10))))))),"") -> 15.95762 | EC7: =IF(AND(ISNUMBER(EB7),逐级计算!$X$132>-1),IF(逐级计算!$X$132=0,EB7+逐级计算!$C$132,EB7+逐级计算!$C$132-(10/(逐级计算!$Q$132*LN(10))*(MAX((LN(10^(逐级计算!$Q$132/10)-1)+逐级计算!$Q$132*(EB7-逐级计算!$P$132)*LN(10)/10),0)+LN(1+EXP(-ABS((LN(10^(逐级计算!$Q$132/10)-1)+逐级计算!$Q$132*(EB7-逐级计算!$P$132)*LN(10)/10))))))),"") -> 15.95762 | ED7: =IF(AND(ISNUMBER(EC7),逐级计算!$X$133>-1),IF(逐级计算!$X$133=0,EC7+逐级计算!$C$133,EC7+逐级计算!$C$133-(10/(逐级计算!$Q$133*LN(10))*(MAX((LN(10^(逐级计算!$Q$133/10)-1)+逐级计算!$Q$133*(EC7-逐级计算!$P$133)*LN(10)/10),0)+LN(1+EXP(-ABS((LN(10^(逐级计算!$Q$133/10)-1)+逐级计算!$Q$133*(EC7-逐级计算!$P$133)*LN(10)/10))))))),"") -> 15.95762 | EE7: =IF(AND(ISNUMBER(ED7),逐级计算!$X$134>-1),IF(逐级计算!$X$134=0,ED7+逐级计算!$C$134,ED7+逐级计算!$C$134-(10/(逐级计算!$Q$134*LN(10))*(MAX((LN(10^(逐级计算!$Q$134/10)-1)+逐级计算!$Q$134*(ED7-逐级计算!$P$134)*LN(10)/10),0)+LN(1+EXP(-ABS((LN(10^(逐级计算!$Q$134/10)-1)+逐级计算!$Q$134*(ED7-逐级计算!$P$134)*LN(10)/10))))))),"") -> 15.95762 | EF7: =IF(AND(ISNUMBER(EE7),逐级计算!$X$135>-1),IF(逐级计算!$X$135=0,EE7+逐级计算!$C$135,EE7+逐级计算!$C$135-(10/(逐级计算!$Q$135*LN(10))*(MAX((LN(10^(逐级计算!$Q$135/10)-1)+逐级计算!$Q$135*(EE7-逐级计算!$P$135)*LN(10)/10),0)+LN(1+EXP(-ABS((LN(10^(逐级计算!$Q$135/10)-1)+逐级计算!$Q$135*(EE7-逐级计算!$P$135)*LN(10)/10))))))),"") -> 15.95762 | EG7: =IF(AND(ISNUMBER(EF7),逐级计算!$X$136>-1),IF(逐级计算!$X$136=0,EF7+逐级计算!$C$136,EF7+逐级计算!$C$136-(10/(逐级计算!$Q$136*LN(10))*(MAX((LN(10^(逐级计算!$Q$136/10)-1)+逐级计算!$Q$136*(EF7-逐级计算!$P$136)*LN(10)/10),0)+LN(1+EXP(-ABS((LN(10^(逐级计算!$Q$136/10)-1)+逐级计算!$Q$136*(EF7-逐级计算!$P$136)*LN(10)/10))))))),"") -> 15.95762 | EH7: =IF(AND(ISNUMBER(EG7),逐级计算!$X$137>-1),IF(逐级计算!$X$137=0,EG7+逐级计算!$C$137,EG7+逐级计算!$C$137-(10/(逐级计算!$Q$137*LN(10))*(MAX((LN(10^(逐级计算!$Q$137/10)-1)+逐级计算!$Q$137*(EG7-逐级计算!$P$137)*LN(10)/10),0)+LN(1+EXP(-ABS((LN(10^(逐级计算!$Q$137/10)-1)+逐级计算!$Q$137*(EG7-逐级计算!$P$137)*LN(10)/10))))))),"") -> 15.95762 | EI7: =IF(AND(ISNUMBER(EH7),逐级计算!$X$138>-1),IF(逐级计算!$X$138=0,EH7+逐级计算!$C$138,EH7+逐级计算!$C$138-(10/(逐级计算!$Q$138*LN(10))*(MAX((LN(10^(逐级计算!$Q$138/10)-1)+逐级计算!$Q$138*(EH7-逐级计算!$P$138)*LN(10)/10),0)+LN(1+EXP(-ABS((LN(10^(逐级计算!$Q$138/10)-1)+逐级计算!$Q$138*(EH7-逐级计算!$P$138)*LN(10)/10))))))),"") -> 15.95762 | EJ7: =IF(AND(ISNUMBER(EI7),逐级计算!$X$139>-1),IF(逐级计算!$X$139=0,EI7+逐级计算!$C$139,EI7+逐级计算!$C$139-(10/(逐级计算!$Q$139*LN(10))*(MAX((LN(10^(逐级计算!$Q$139/10)-1)+逐级计算!$Q$139*(EI7-逐级计算!$P$139)*LN(10)/10),0)+LN(1+EXP(-ABS((LN(10^(逐级计算!$Q$139/10)-1)+逐级计算!$Q$139*(EI7-逐级计算!$P$139)*LN(10)/10))))))),"") -> 15.95762 | EK7: =IF(AND(ISNUMBER(EJ7),逐级计算!$X$140>-1),IF(逐级计算!$X$140=0,EJ7+逐级计算!$C$140,EJ7+逐级计算!$C$140-(10/(逐级计算!$Q$140*LN(10))*(MAX((LN(10^(逐级计算!$Q$140/10)-1)+逐级计算!$Q$140*(EJ7-逐级计算!$P$140)*LN(10)/10),0)+LN(1+EXP(-ABS((LN(10^(逐级计算!$Q$140/10)-1)+逐级计算!$Q$140*(EJ7-逐级计算!$P$140)*LN(10)/10))))))),"") -> 15.95762 | EL7: =IF(AND(ISNUMBER(EK7),逐级计算!$X$141>-1),IF(逐级计算!$X$141=0,EK7+逐级计算!$C$141,EK7+逐级计算!$C$141-(10/(逐级计算!$Q$141*LN(10))*(MAX((LN(10^(逐级计算!$Q$141/10)-1)+逐级计算!$Q$141*(EK7-逐级计算!$P$141)*LN(10)/10),0)+LN(1+EXP(-ABS((LN(10^(逐级计算!$Q$141/10)-1)+逐级计算!$Q$141*(EK7-逐级计算!$P$141)*LN(10)/10))))))),"") -> 15.95762 | EM7: =IF(AND(ISNUMBER(EL7),逐级计算!$X$142>-1),IF(逐级计算!$X$142=0,EL7+逐级计算!$C$142,EL7+逐级计算!$C$142-(10/(逐级计算!$Q$142*LN(10))*(MAX((LN(10^(逐级计算!$Q$142/10)-1)+逐级计算!$Q$142*(EL7-逐级计算!$P$142)*LN(10)/10),0)+LN(1+EXP(-ABS((LN(10^(逐级计算!$Q$142/10)-1)+逐级计算!$Q$142*(EL7-逐级计算!$P$142)*LN(10)/10))))))),"") -> 15.95762 | EN7: =IF(AND(ISNUMBER(EM7),逐级计算!$X$143>-1),IF(逐级计算!$X$143=0,EM7+逐级计算!$C$143,EM7+逐级计算!$C$143-(10/(逐级计算!$Q$143*LN(10))*(MAX((LN(10^(逐级计算!$Q$143/10)-1)+逐级计算!$Q$143*(EM7-逐级计算!$P$143)*LN(10)/10),0)+LN(1+EXP(-ABS((LN(10^(逐级计算!$Q$143/10)-1)+逐级计算!$Q$143*(EM7-逐级计算!$P$143)*LN(10)/10))))))),"") -> 15.95762 | EO7: =IF(AND(ISNUMBER(EN7),逐级计算!$X$144>-1),IF(逐级计算!$X$144=0,EN7+逐级计算!$C$144,EN7+逐级计算!$C$144-(10/(逐级计算!$Q$144*LN(10))*(MAX((LN(10^(逐级计算!$Q$144/10)-1)+逐级计算!$Q$144*(EN7-逐级计算!$P$144)*LN(10)/10),0)+LN(1+EXP(-ABS((LN(10^(逐级计算!$Q$144/10)-1)+逐级计算!$Q$144*(EN7-逐级计算!$P$144)*LN(10)/10))))))),"") -> 15.95762 | EP7: =IF(AND(ISNUMBER(EO7),逐级计算!$X$145>-1),IF(逐级计算!$X$145=0,EO7+逐级计算!$C$145,EO7+逐级计算!$C$145-(10/(逐级计算!$Q$145*LN(10))*(MAX((LN(10^(逐级计算!$Q$145/10)-1)+逐级计算!$Q$145*(EO7-逐级计算!$P$145)*LN(10)/10),0)+LN(1+EXP(-ABS((LN(10^(逐级计算!$Q$145/10)-1)+逐级计算!$Q$145*(EO7-逐级计算!$P$145)*LN(10)/10))))))),"") -> 15.95762 | EQ7: =IF(AND(ISNUMBER(EP7),逐级计算!$X$146>-1),IF(逐级计算!$X$146=0,EP7+逐级计算!$C$146,EP7+逐级计算!$C$146-(10/(逐级计算!$Q$146*LN(10))*(MAX((LN(10^(逐级计算!$Q$146/10)-1)+逐级计算!$Q$146*(EP7-逐级计算!$P$146)*LN(10)/10),0)+LN(1+EXP(-ABS((LN(10^(逐级计算!$Q$146/10)-1)+逐级计算!$Q$146*(EP7-逐级计算!$P$146)*LN(10)/10))))))),"") -> 15.95762 | ER7: =IF(AND(ISNUMBER(EQ7),逐级计算!$X$147>-1),IF(逐级计算!$X$147=0,EQ7+逐级计算!$C$147,EQ7+逐级计算!$C$147-(10/(逐级计算!$Q$147*LN(10))*(MAX((LN(10^(逐级计算!$Q$147/10)-1)+逐级计算!$Q$147*(EQ7-逐级计算!$P$147)*LN(10)/10),0)+LN(1+EXP(-ABS((LN(10^(逐级计算!$Q$147/10)-1)+逐级计算!$Q$147*(EQ7-逐级计算!$P$147)*LN(10)/10))))))),"") -> 15.95762 | ES7: =IF(AND(ISNUMBER(ER7),逐级计算!$X$148>-1),IF(逐级计算!$X$148=0,ER7+逐级计算!$C$148,ER7+逐级计算!$C$148-(10/(逐级计算!$Q$148*LN(10))*(MAX((LN(10^(逐级计算!$Q$148/10)-1)+逐级计算!$Q$148*(ER7-逐级计算!$P$148)*LN(10)/10),0)+LN(1+EXP(-ABS((LN(10^(逐级计算!$Q$148/10)-1)+逐级计算!$Q$148*(ER7-逐级计算!$P$148)*LN(10)/10))))))),"") -> 15.95762 | ET7: =IF(AND(ISNUMBER(ES7),逐级计算!$X$149>-1),IF(逐级计算!$X$149=0,ES7+逐级计算!$C$149,ES7+逐级计算!$C$149-(10/(逐级计算!$Q$149*LN(10))*(MAX((LN(10^(逐级计算!$Q$149/10)-1)+逐级计算!$Q$149*(ES7-逐级计算!$P$149)*LN(10)/10),0)+LN(1+EXP(-ABS((LN(10^(逐级计算!$Q$149/10)-1)+逐级计算!$Q$149*(ES7-逐级计算!$P$149)*LN(10)/10))))))),"") -> 15.95762 | EU7: =IF(AND(ISNUMBER(ET7),逐级计算!$X$150>-1),IF(逐级计算!$X$150=0,ET7+逐级计算!$C$150,ET7+逐级计算!$C$150-(10/(逐级计算!$Q$150*LN(10))*(MAX((LN(10^(逐级计算!$Q$150/10)-1)+逐级计算!$Q$150*(ET7-逐级计算!$P$150)*LN(10)/10),0)+LN(1+EXP(-ABS((LN(10^(逐级计算!$Q$150/10)-1)+逐级计算!$Q$150*(ET7-逐级计算!$P$150)*LN(10)/10))))))),"") -> 15.95762 | EV7: =IF(AND(ISNUMBER(EU7),逐级计算!$X$151>-1),IF(逐级计算!$X$151=0,EU7+逐级计算!$C$151,EU7+逐级计算!$C$151-(10/(逐级计算!$Q$151*LN(10))*(MAX((LN(10^(逐级计算!$Q$151/10)-1)+逐级计算!$Q$151*(EU7-逐级计算!$P$151)*LN(10)/10),0)+LN(1+EXP(-ABS((LN(10^(逐级计算!$Q$151/10)-1)+逐级计算!$Q$151*(EU7-逐级计算!$P$151)*LN(10)/10))))))),"") -> 15.95762 | EW7: =IF(AND(ISNUMBER(EV7),逐级计算!$X$152>-1),IF(逐级计算!$X$152=0,EV7+逐级计算!$C$152,EV7+逐级计算!$C$152-(10/(逐级计算!$Q$152*LN(10))*(MAX((LN(10^(逐级计算!$Q$152/10)-1)+逐级计算!$Q$152*(EV7-逐级计算!$P$152)*LN(10)/10),0)+LN(1+EXP(-ABS((LN(10^(逐级计算!$Q$152/10)-1)+逐级计算!$Q$152*(EV7-逐级计算!$P$152)*LN(10)/10))))))),"") -> 15.95762 | EX7: =IF(AND(ISNUMBER(EW7),逐级计算!$X$153>-1),IF(逐级计算!$X$153=0,EW7+逐级计算!$C$153,EW7+逐级计算!$C$153-(10/(逐级计算!$Q$153*LN(10))*(MAX((LN(10^(逐级计算!$Q$153/10)-1)+逐级计算!$Q$153*(EW7-逐级计算!$P$153)*LN(10)/10),0)+LN(1+EXP(-ABS((LN(10^(逐级计算!$Q$153/10)-1)+逐级计算!$Q$153*(EW7-逐级计算!$P$153)*LN(10)/10))))))),"") -> 15.95762 | EY7: =IF(AND(ISNUMBER(EX7),逐级计算!$X$154>-1),IF(逐级计算!$X$154=0,EX7+逐级计算!$C$154,EX7+逐级计算!$C$154-(10/(逐级计算!$Q$154*LN(10))*(MAX((LN(10^(逐级计算!$Q$154/10)-1)+逐级计算!$Q$154*(EX7-逐级计算!$P$154)*LN(10)/10),0)+LN(1+EXP(-ABS((LN(10^(逐级计算!$Q$154/10)-1)+逐级计算!$Q$154*(EX7-逐级计算!$P$154)*LN(10)/10))))))),"") -> 15.95762 | EZ7: =IF(AND(ISNUMBER(EY7),逐级计算!$X$155>-1),IF(逐级计算!$X$155=0,EY7+逐级计算!$C$155,EY7+逐级计算!$C$155-(10/(逐级计算!$Q$155*LN(10))*(MAX((LN(10^(逐级计算!$Q$155/10)-1)+逐级计算!$Q$155*(EY7-逐级计算!$P$155)*LN(10)/10),0)+LN(1+EXP(-ABS((LN(10^(逐级计算!$Q$155/10)-1)+逐级计算!$Q$155*(EY7-逐级计算!$P$155)*LN(10)/10))))))),"") -> 15.95762 | FA7: =IF(AND(ISNUMBER(EZ7),逐级计算!$X$156>-1),IF(逐级计算!$X$156=0,EZ7+逐级计算!$C$156,EZ7+逐级计算!$C$156-(10/(逐级计算!$Q$156*LN(10))*(MAX((LN(10^(逐级计算!$Q$156/10)-1)+逐级计算!$Q$156*(EZ7-逐级计算!$P$156)*LN(10)/10),0)+LN(1+EXP(-ABS((LN(10^(逐级计算!$Q$156/10)-1)+逐级计算!$Q$156*(EZ7-逐级计算!$P$156)*LN(10)/10))))))),"") -> 15.95762 | FB7: =IF(AND(ISNUMBER(FA7),逐级计算!$X$157>-1),IF(逐级计算!$X$157=0,FA7+逐级计算!$C$157,FA7+逐级计算!$C$157-(10/(逐级计算!$Q$157*LN(10))*(MAX((LN(10^(逐级计算!$Q$157/10)-1)+逐级计算!$Q$157*(FA7-逐级计算!$P$157)*LN(10)/10),0)+LN(1+EXP(-ABS((LN(10^(逐级计算!$Q$157/10)-1)+逐级计算!$Q$157*(FA7-逐级计算!$P$157)*LN(10)/10))))))),"") -> 15.95762 | FC7: =IF(AND(ISNUMBER(FB7),逐级计算!$X$158>-1),IF(逐级计算!$X$158=0,FB7+逐级计算!$C$158,FB7+逐级计算!$C$158-(10/(逐级计算!$Q$158*LN(10))*(MAX((LN(10^(逐级计算!$Q$158/10)-1)+逐级计算!$Q$158*(FB7-逐级计算!$P$158)*LN(10)/10),0)+LN(1+EXP(-ABS((LN(10^(逐级计算!$Q$158/10)-1)+逐级计算!$Q$158*(FB7-逐级计算!$P$158)*LN(10)/10))))))),"") -> 15.95762 | FD7: =IF(AND(ISNUMBER(FC7),逐级计算!$X$159>-1),IF(逐级计算!$X$159=0,FC7+逐级计算!$C$159,FC7+逐级计算!$C$159-(10/(逐级计算!$Q$159*LN(10))*(MAX((LN(10^(逐级计算!$Q$159/10)-1)+逐级计算!$Q$159*(FC7-逐级计算!$P$159)*LN(10)/10),0)+LN(1+EXP(-ABS((LN(10^(逐级计算!$Q$159/10)-1)+逐级计算!$Q$159*(FC7-逐级计算!$P$159)*LN(10)/10))))))),"") -> 15.95762 | FE7: =IF(AND(ISNUMBER(FD7),逐级计算!$X$160>-1),IF(逐级计算!$X$160=0,FD7+逐级计算!$C$160,FD7+逐级计算!$C$160-(10/(逐级计算!$Q$160*LN(10))*(MAX((LN(10^(逐级计算!$Q$160/10)-1)+逐级计算!$Q$160*(FD7-逐级计算!$P$160)*LN(10)/10),0)+LN(1+EXP(-ABS((LN(10^(逐级计算!$Q$160/10)-1)+逐级计算!$Q$160*(FD7-逐级计算!$P$160)*LN(10)/10))))))),"") -> 15.95762 | FF7: =IF(AND(ISNUMBER(FE7),逐级计算!$X$161>-1),IF(逐级计算!$X$161=0,FE7+逐级计算!$C$161,FE7+逐级计算!$C$161-(10/(逐级计算!$Q$161*LN(10))*(MAX((LN(10^(逐级计算!$Q$161/10)-1)+逐级计算!$Q$161*(FE7-逐级计算!$P$161)*LN(10)/10),0)+LN(1+EXP(-ABS((LN(10^(逐级计算!$Q$161/10)-1)+逐级计算!$Q$161*(FE7-逐级计算!$P$161)*LN(10)/10))))))),"") -> 15.95762 | FG7: =IF(AND(ISNUMBER(FF7),逐级计算!$X$162>-1),IF(逐级计算!$X$162=0,FF7+逐级计算!$C$162,FF7+逐级计算!$C$162-(10/(逐级计算!$Q$162*LN(10))*(MAX((LN(10^(逐级计算!$Q$162/10)-1)+逐级计算!$Q$162*(FF7-逐级计算!$P$162)*LN(10)/10),0)+LN(1+EXP(-ABS((LN(10^(逐级计算!$Q$162/10)-1)+逐级计算!$Q$162*(FF7-逐级计算!$P$162)*LN(10)/10))))))),"") -> 15.95762 | FH7: =IF(AND(ISNUMBER(FG7),逐级计算!$X$163>-1),IF(逐级计算!$X$163=0,FG7+逐级计算!$C$163,FG7+逐级计算!$C$163-(10/(逐级计算!$Q$163*LN(10))*(MAX((LN(10^(逐级计算!$Q$163/10)-1)+逐级计算!$Q$163*(FG7-逐级计算!$P$163)*LN(10)/10),0)+LN(1+EXP(-ABS((LN(10^(逐级计算!$Q$163/10)-1)+逐级计算!$Q$163*(FG7-逐级计算!$P$163)*LN(10)/10))))))),"") -> 15.95762 | FI7: =IF(AND(ISNUMBER(FH7),逐级计算!$X$164>-1),IF(逐级计算!$X$164=0,FH7+逐级计算!$C$164,FH7+逐级计算!$C$164-(10/(逐级计算!$Q$164*LN(10))*(MAX((LN(10^(逐级计算!$Q$164/10)-1)+逐级计算!$Q$164*(FH7-逐级计算!$P$164)*LN(10)/10),0)+LN(1+EXP(-ABS((LN(10^(逐级计算!$Q$164/10)-1)+逐级计算!$Q$164*(FH7-逐级计算!$P$164)*LN(10)/10))))))),"") -> 15.95762 | FJ7: =IF(AND(ISNUMBER(FI7),逐级计算!$X$165>-1),IF(逐级计算!$X$165=0,FI7+逐级计算!$C$165,FI7+逐级计算!$C$165-(10/(逐级计算!$Q$165*LN(10))*(MAX((LN(10^(逐级计算!$Q$165/10)-1)+逐级计算!$Q$165*(FI7-逐级计算!$P$165)*LN(10)/10),0)+LN(1+EXP(-ABS((LN(10^(逐级计算!$Q$165/10)-1)+逐级计算!$Q$165*(FI7-逐级计算!$P$165)*LN(10)/10))))))),"") -> 15.95762 | FK7: =IF(AND(ISNUMBER(FJ7),逐级计算!$X$166>-1),IF(逐级计算!$X$166=0,FJ7+逐级计算!$C$166,FJ7+逐级计算!$C$166-(10/(逐级计算!$Q$166*LN(10))*(MAX((LN(10^(逐级计算!$Q$166/10)-1)+逐级计算!$Q$166*(FJ7-逐级计算!$P$166)*LN(10)/10),0)+LN(1+EXP(-ABS((LN(10^(逐级计算!$Q$166/10)-1)+逐级计算!$Q$166*(FJ7-逐级计算!$P$166)*LN(10)/10))))))),"") -> 15.95762 | FL7: =IF(AND(ISNUMBER(FK7),逐级计算!$X$167>-1),IF(逐级计算!$X$167=0,FK7+逐级计算!$C$167,FK7+逐级计算!$C$167-(10/(逐级计算!$Q$167*LN(10))*(MAX((LN(10^(逐级计算!$Q$167/10)-1)+逐级计算!$Q$167*(FK7-逐级计算!$P$167)*LN(10)/10),0)+LN(1+EXP(-ABS((LN(10^(逐级计算!$Q$167/10)-1)+逐级计算!$Q$167*(FK7-逐级计算!$P$167)*LN(10)/10))))))),"") -> 15.95762 | FM7: =IF(AND(ISNUMBER(FL7),逐级计算!$X$168>-1),IF(逐级计算!$X$168=0,FL7+逐级计算!$C$168,FL7+逐级计算!$C$168-(10/(逐级计算!$Q$168*LN(10))*(MAX((LN(10^(逐级计算!$Q$168/10)-1)+逐级计算!$Q$168*(FL7-逐级计算!$P$168)*LN(10)/10),0)+LN(1+EXP(-ABS((LN(10^(逐级计算!$Q$168/10)-1)+逐级计算!$Q$168*(FL7-逐级计算!$P$168)*LN(10)/10))))))),"") -> 15.95762 | FN7: =IF(AND(ISNUMBER(FM7),逐级计算!$X$169>-1),IF(逐级计算!$X$169=0,FM7+逐级计算!$C$169,FM7+逐级计算!$C$169-(10/(逐级计算!$Q$169*LN(10))*(MAX((LN(10^(逐级计算!$Q$169/10)-1)+逐级计算!$Q$169*(FM7-逐级计算!$P$169)*LN(10)/10),0)+LN(1+EXP(-ABS((LN(10^(逐级计算!$Q$169/10)-1)+逐级计算!$Q$169*(FM7-逐级计算!$P$169)*LN(10)/10))))))),"") -> 15.95762 | FO7: =IF(AND(ISNUMBER(FN7),逐级计算!$X$170>-1),IF(逐级计算!$X$170=0,FN7+逐级计算!$C$170,FN7+逐级计算!$C$170-(10/(逐级计算!$Q$170*LN(10))*(MAX((LN(10^(逐级计算!$Q$170/10)-1)+逐级计算!$Q$170*(FN7-逐级计算!$P$170)*LN(10)/10),0)+LN(1+EXP(-ABS((LN(10^(逐级计算!$Q$170/10)-1)+逐级计算!$Q$170*(FN7-逐级计算!$P$170)*LN(10)/10))))))),"") -> 15.95762 | FP7: =IF(AND(ISNUMBER(FO7),逐级计算!$X$171>-1),IF(逐级计算!$X$171=0,FO7+逐级计算!$C$171,FO7+逐级计算!$C$171-(10/(逐级计算!$Q$171*LN(10))*(MAX((LN(10^(逐级计算!$Q$171/10)-1)+逐级计算!$Q$171*(FO7-逐级计算!$P$171)*LN(10)/10),0)+LN(1+EXP(-ABS((LN(10^(逐级计算!$Q$171/10)-1)+逐级计算!$Q$171*(FO7-逐级计算!$P$171)*LN(10)/10))))))),"") -> 15.95762 | FQ7: =IF(AND(ISNUMBER(FP7),逐级计算!$X$172>-1),IF(逐级计算!$X$172=0,FP7+逐级计算!$C$172,FP7+逐级计算!$C$172-(10/(逐级计算!$Q$172*LN(10))*(MAX((LN(10^(逐级计算!$Q$172/10)-1)+逐级计算!$Q$172*(FP7-逐级计算!$P$172)*LN(10)/10),0)+LN(1+EXP(-ABS((LN(10^(逐级计算!$Q$172/10)-1)+逐级计算!$Q$172*(FP7-逐级计算!$P$172)*LN(10)/10))))))),"") -> 15.95762 | FR7: =IF(AND(ISNUMBER(FQ7),逐级计算!$X$173>-1),IF(逐级计算!$X$173=0,FQ7+逐级计算!$C$173,FQ7+逐级计算!$C$173-(10/(逐级计算!$Q$173*LN(10))*(MAX((LN(10^(逐级计算!$Q$173/10)-1)+逐级计算!$Q$173*(FQ7-逐级计算!$P$173)*LN(10)/10),0)+LN(1+EXP(-ABS((LN(10^(逐级计算!$Q$173/10)-1)+逐级计算!$Q$173*(FQ7-逐级计算!$P$173)*LN(10)/10))))))),"") -> 15.95762 | FS7: =IF(AND(ISNUMBER(FR7),逐级计算!$X$174>-1),IF(逐级计算!$X$174=0,FR7+逐级计算!$C$174,FR7+逐级计算!$C$174-(10/(逐级计算!$Q$174*LN(10))*(MAX((LN(10^(逐级计算!$Q$174/10)-1)+逐级计算!$Q$174*(FR7-逐级计算!$P$174)*LN(10)/10),0)+LN(1+EXP(-ABS((LN(10^(逐级计算!$Q$174/10)-1)+逐级计算!$Q$174*(FR7-逐级计算!$P$174)*LN(10)/10))))))),"") -> 15.95762 | FT7: =IF(AND(ISNUMBER(FS7),逐级计算!$X$175>-1),IF(逐级计算!$X$175=0,FS7+逐级计算!$C$175,FS7+逐级计算!$C$175-(10/(逐级计算!$Q$175*LN(10))*(MAX((LN(10^(逐级计算!$Q$175/10)-1)+逐级计算!$Q$175*(FS7-逐级计算!$P$175)*LN(10)/10),0)+LN(1+EXP(-ABS((LN(10^(逐级计算!$Q$175/10)-1)+逐级计算!$Q$175*(FS7-逐级计算!$P$175)*LN(10)/10))))))),"") -> 15.95762 | FU7: =IF(AND(ISNUMBER(FT7),逐级计算!$X$176>-1),IF(逐级计算!$X$176=0,FT7+逐级计算!$C$176,FT7+逐级计算!$C$176-(10/(逐级计算!$Q$176*LN(10))*(MAX((LN(10^(逐级计算!$Q$176/10)-1)+逐级计算!$Q$176*(FT7-逐级计算!$P$176)*LN(10)/10),0)+LN(1+EXP(-ABS((LN(10^(逐级计算!$Q$176/10)-1)+逐级计算!$Q$176*(FT7-逐级计算!$P$176)*LN(10)/10))))))),"") -> 15.95762 | FV7: =IF(AND(ISNUMBER(FU7),逐级计算!$X$177>-1),IF(逐级计算!$X$177=0,FU7+逐级计算!$C$177,FU7+逐级计算!$C$177-(10/(逐级计算!$Q$177*LN(10))*(MAX((LN(10^(逐级计算!$Q$177/10)-1)+逐级计算!$Q$177*(FU7-逐级计算!$P$177)*LN(10)/10),0)+LN(1+EXP(-ABS((LN(10^(逐级计算!$Q$177/10)-1)+逐级计算!$Q$177*(FU7-逐级计算!$P$177)*LN(10)/10))))))),"") -> 15.95762 | FW7: =IF(AND(ISNUMBER(FV7),逐级计算!$X$178>-1),IF(逐级计算!$X$178=0,FV7+逐级计算!$C$178,FV7+逐级计算!$C$178-(10/(逐级计算!$Q$178*LN(10))*(MAX((LN(10^(逐级计算!$Q$178/10)-1)+逐级计算!$Q$178*(FV7-逐级计算!$P$178)*LN(10)/10),0)+LN(1+EXP(-ABS((LN(10^(逐级计算!$Q$178/10)-1)+逐级计算!$Q$178*(FV7-逐级计算!$P$178)*LN(10)/10))))))),"") -> 15.95762 | FX7: =IF(AND(ISNUMBER(FW7),逐级计算!$X$179>-1),IF(逐级计算!$X$179=0,FW7+逐级计算!$C$179,FW7+逐级计算!$C$179-(10/(逐级计算!$Q$179*LN(10))*(MAX((LN(10^(逐级计算!$Q$179/10)-1)+逐级计算!$Q$179*(FW7-逐级计算!$P$179)*LN(10)/10),0)+LN(1+EXP(-ABS((LN(10^(逐级计算!$Q$179/10)-1)+逐级计算!$Q$179*(FW7-逐级计算!$P$179)*LN(10)/10))))))),"") -> 15.95762 | FY7: =IF(AND(ISNUMBER(FX7),逐级计算!$X$180>-1),IF(逐级计算!$X$180=0,FX7+逐级计算!$C$180,FX7+逐级计算!$C$180-(10/(逐级计算!$Q$180*LN(10))*(MAX((LN(10^(逐级计算!$Q$180/10)-1)+逐级计算!$Q$180*(FX7-逐级计算!$P$180)*LN(10)/10),0)+LN(1+EXP(-ABS((LN(10^(逐级计算!$Q$180/10)-1)+逐级计算!$Q$180*(FX7-逐级计算!$P$180)*LN(10)/10))))))),"") -> 15.95762 | FZ7: =IF(AND(ISNUMBER(FY7),逐级计算!$X$181>-1),IF(逐级计算!$X$181=0,FY7+逐级计算!$C$181,FY7+逐级计算!$C$181-(10/(逐级计算!$Q$181*LN(10))*(MAX((LN(10^(逐级计算!$Q$181/10)-1)+逐级计算!$Q$181*(FY7-逐级计算!$P$181)*LN(10)/10),0)+LN(1+EXP(-ABS((LN(10^(逐级计算!$Q$181/10)-1)+逐级计算!$Q$181*(FY7-逐级计算!$P$181)*LN(10)/10))))))),"") -> 15.95762 | GA7: =IF(AND(ISNUMBER(FZ7),逐级计算!$X$182>-1),IF(逐级计算!$X$182=0,FZ7+逐级计算!$C$182,FZ7+逐级计算!$C$182-(10/(逐级计算!$Q$182*LN(10))*(MAX((LN(10^(逐级计算!$Q$182/10)-1)+逐级计算!$Q$182*(FZ7-逐级计算!$P$182)*LN(10)/10),0)+LN(1+EXP(-ABS((LN(10^(逐级计算!$Q$182/10)-1)+逐级计算!$Q$182*(FZ7-逐级计算!$P$182)*LN(10)/10))))))),"") -> 15.95762 | GB7: =IF(AND(ISNUMBER(GA7),逐级计算!$X$183>-1),IF(逐级计算!$X$183=0,GA7+逐级计算!$C$183,GA7+逐级计算!$C$183-(10/(逐级计算!$Q$183*LN(10))*(MAX((LN(10^(逐级计算!$Q$183/10)-1)+逐级计算!$Q$183*(GA7-逐级计算!$P$183)*LN(10)/10),0)+LN(1+EXP(-ABS((LN(10^(逐级计算!$Q$183/10)-1)+逐级计算!$Q$183*(GA7-逐级计算!$P$183)*LN(10)/10))))))),"") -> 15.95762 | GC7: =IF(AND(ISNUMBER(GB7),逐级计算!$X$184>-1),IF(逐级计算!$X$184=0,GB7+逐级计算!$C$184,GB7+逐级计算!$C$184-(10/(逐级计算!$Q$184*LN(10))*(MAX((LN(10^(逐级计算!$Q$184/10)-1)+逐级计算!$Q$184*(GB7-逐级计算!$P$184)*LN(10)/10),0)+LN(1+EXP(-ABS((LN(10^(逐级计算!$Q$184/10)-1)+逐级计算!$Q$184*(GB7-逐级计算!$P$184)*LN(10)/10))))))),"") -> 15.95762 | GD7: =IF(AND(ISNUMBER(GC7),逐级计算!$X$185>-1),IF(逐级计算!$X$185=0,GC7+逐级计算!$C$185,GC7+逐级计算!$C$185-(10/(逐级计算!$Q$185*LN(10))*(MAX((LN(10^(逐级计算!$Q$185/10)-1)+逐级计算!$Q$185*(GC7-逐级计算!$P$185)*LN(10)/10),0)+LN(1+EXP(-ABS((LN(10^(逐级计算!$Q$185/10)-1)+逐级计算!$Q$185*(GC7-逐级计算!$P$185)*LN(10)/10))))))),"") -> 15.95762 | GE7: =IF(AND(ISNUMBER(GD7),逐级计算!$X$186>-1),IF(逐级计算!$X$186=0,GD7+逐级计算!$C$186,GD7+逐级计算!$C$186-(10/(逐级计算!$Q$186*LN(10))*(MAX((LN(10^(逐级计算!$Q$186/10)-1)+逐级计算!$Q$186*(GD7-逐级计算!$P$186)*LN(10)/10),0)+LN(1+EXP(-ABS((LN(10^(逐级计算!$Q$186/10)-1)+逐级计算!$Q$186*(GD7-逐级计算!$P$186)*LN(10)/10))))))),"") -> 15.95762 | GF7: =IF(AND(ISNUMBER(GE7),逐级计算!$X$187>-1),IF(逐级计算!$X$187=0,GE7+逐级计算!$C$187,GE7+逐级计算!$C$187-(10/(逐级计算!$Q$187*LN(10))*(MAX((LN(10^(逐级计算!$Q$187/10)-1)+逐级计算!$Q$187*(GE7-逐级计算!$P$187)*LN(10)/10),0)+LN(1+EXP(-ABS((LN(10^(逐级计算!$Q$187/10)-1)+逐级计算!$Q$187*(GE7-逐级计算!$P$187)*LN(10)/10))))))),"") -> 15.95762 | GG7: =IF(AND(ISNUMBER(GF7),逐级计算!$X$188>-1),IF(逐级计算!$X$188=0,GF7+逐级计算!$C$188,GF7+逐级计算!$C$188-(10/(逐级计算!$Q$188*LN(10))*(MAX((LN(10^(逐级计算!$Q$188/10)-1)+逐级计算!$Q$188*(GF7-逐级计算!$P$188)*LN(10)/10),0)+LN(1+EXP(-ABS((LN(10^(逐级计算!$Q$188/10)-1)+逐级计算!$Q$188*(GF7-逐级计算!$P$188)*LN(10)/10))))))),"") -> 15.95762 | GH7: =IF(AND(ISNUMBER(GG7),逐级计算!$X$189>-1),IF(逐级计算!$X$189=0,GG7+逐级计算!$C$189,GG7+逐级计算!$C$189-(10/(逐级计算!$Q$189*LN(10))*(MAX((LN(10^(逐级计算!$Q$189/10)-1)+逐级计算!$Q$189*(GG7-逐级计算!$P$189)*LN(10)/10),0)+LN(1+EXP(-ABS((LN(10^(逐级计算!$Q$189/10)-1)+逐级计算!$Q$189*(GG7-逐级计算!$P$189)*LN(10)/10))))))),"") -> 15.95762 | GI7: =IF(AND(ISNUMBER(GH7),逐级计算!$X$190>-1),IF(逐级计算!$X$190=0,GH7+逐级计算!$C$190,GH7+逐级计算!$C$190-(10/(逐级计算!$Q$190*LN(10))*(MAX((LN(10^(逐级计算!$Q$190/10)-1)+逐级计算!$Q$190*(GH7-逐级计算!$P$190)*LN(10)/10),0)+LN(1+EXP(-ABS((LN(10^(逐级计算!$Q$190/10)-1)+逐级计算!$Q$190*(GH7-逐级计算!$P$190)*LN(10)/10))))))),"") -> 15.95762 | GJ7: =IF(AND(ISNUMBER(GI7),逐级计算!$X$191>-1),IF(逐级计算!$X$191=0,GI7+逐级计算!$C$191,GI7+逐级计算!$C$191-(10/(逐级计算!$Q$191*LN(10))*(MAX((LN(10^(逐级计算!$Q$191/10)-1)+逐级计算!$Q$191*(GI7-逐级计算!$P$191)*LN(10)/10),0)+LN(1+EXP(-ABS((LN(10^(逐级计算!$Q$191/10)-1)+逐级计算!$Q$191*(GI7-逐级计算!$P$191)*LN(10)/10))))))),"") -> 15.95762 | GK7: =IF(AND(ISNUMBER(GJ7),逐级计算!$X$192>-1),IF(逐级计算!$X$192=0,GJ7+逐级计算!$C$192,GJ7+逐级计算!$C$192-(10/(逐级计算!$Q$192*LN(10))*(MAX((LN(10^(逐级计算!$Q$192/10)-1)+逐级计算!$Q$192*(GJ7-逐级计算!$P$192)*LN(10)/10),0)+LN(1+EXP(-ABS((LN(10^(逐级计算!$Q$192/10)-1)+逐级计算!$Q$192*(GJ7-逐级计算!$P$192)*LN(10)/10))))))),"") -> 15.95762 | GL7: =IF(AND(ISNUMBER(GK7),逐级计算!$X$193>-1),IF(逐级计算!$X$193=0,GK7+逐级计算!$C$193,GK7+逐级计算!$C$193-(10/(逐级计算!$Q$193*LN(10))*(MAX((LN(10^(逐级计算!$Q$193/10)-1)+逐级计算!$Q$193*(GK7-逐级计算!$P$193)*LN(10)/10),0)+LN(1+EXP(-ABS((LN(10^(逐级计算!$Q$193/10)-1)+逐级计算!$Q$193*(GK7-逐级计算!$P$193)*LN(10)/10))))))),"") -> 15.95762 | GM7: =IF(AND(ISNUMBER(GL7),逐级计算!$X$194>-1),IF(逐级计算!$X$194=0,GL7+逐级计算!$C$194,GL7+逐级计算!$C$194-(10/(逐级计算!$Q$194*LN(10))*(MAX((LN(10^(逐级计算!$Q$194/10)-1)+逐级计算!$Q$194*(GL7-逐级计算!$P$194)*LN(10)/10),0)+LN(1+EXP(-ABS((LN(10^(逐级计算!$Q$194/10)-1)+逐级计算!$Q$194*(GL7-逐级计算!$P$194)*LN(10)/10))))))),"") -> 15.95762 | GN7: =IF(AND(ISNUMBER(GM7),逐级计算!$X$195>-1),IF(逐级计算!$X$195=0,GM7+逐级计算!$C$195,GM7+逐级计算!$C$195-(10/(逐级计算!$Q$195*LN(10))*(MAX((LN(10^(逐级计算!$Q$195/10)-1)+逐级计算!$Q$195*(GM7-逐级计算!$P$195)*LN(10)/10),0)+LN(1+EXP(-ABS((LN(10^(逐级计算!$Q$195/10)-1)+逐级计算!$Q$195*(GM7-逐级计算!$P$195)*LN(10)/10))))))),"") -> 15.95762 | GO7: =IF(AND(ISNUMBER(GN7),逐级计算!$X$196>-1),IF(逐级计算!$X$196=0,GN7+逐级计算!$C$196,GN7+逐级计算!$C$196-(10/(逐级计算!$Q$196*LN(10))*(MAX((LN(10^(逐级计算!$Q$196/10)-1)+逐级计算!$Q$196*(GN7-逐级计算!$P$196)*LN(10)/10),0)+LN(1+EXP(-ABS((LN(10^(逐级计算!$Q$196/10)-1)+逐级计算!$Q$196*(GN7-逐级计算!$P$196)*LN(10)/10))))))),"") -> 15.95762 | GP7: =IF(AND(ISNUMBER(GO7),逐级计算!$X$197>-1),IF(逐级计算!$X$197=0,GO7+逐级计算!$C$197,GO7+逐级计算!$C$197-(10/(逐级计算!$Q$197*LN(10))*(MAX((LN(10^(逐级计算!$Q$197/10)-1)+逐级计算!$Q$197*(GO7-逐级计算!$P$197)*LN(10)/10),0)+LN(1+EXP(-ABS((LN(10^(逐级计算!$Q$197/10)-1)+逐级计算!$Q$197*(GO7-逐级计算!$P$197)*LN(10)/10))))))),"") -> 15.95762 | GQ7: =IF(AND(ISNUMBER(GP7),逐级计算!$X$198>-1),IF(逐级计算!$X$198=0,GP7+逐级计算!$C$198,GP7+逐级计算!$C$198-(10/(逐级计算!$Q$198*LN(10))*(MAX((LN(10^(逐级计算!$Q$198/10)-1)+逐级计算!$Q$198*(GP7-逐级计算!$P$198)*LN(10)/10),0)+LN(1+EXP(-ABS((LN(10^(逐级计算!$Q$198/10)-1)+逐级计算!$Q$198*(GP7-逐级计算!$P$198)*LN(10)/10))))))),"") -> 15.95762 | GR7: =IF(AND(ISNUMBER(GQ7),逐级计算!$X$199>-1),IF(逐级计算!$X$199=0,GQ7+逐级计算!$C$199,GQ7+逐级计算!$C$199-(10/(逐级计算!$Q$199*LN(10))*(MAX((LN(10^(逐级计算!$Q$199/10)-1)+逐级计算!$Q$199*(GQ7-逐级计算!$P$199)*LN(10)/10),0)+LN(1+EXP(-ABS((LN(10^(逐级计算!$Q$199/10)-1)+逐级计算!$Q$199*(GQ7-逐级计算!$P$199)*LN(10)/10))))))),"") -> 15.95762 | GS7: =IF(AND(ISNUMBER(GR7),逐级计算!$X$200>-1),IF(逐级计算!$X$200=0,GR7+逐级计算!$C$200,GR7+逐级计算!$C$200-(10/(逐级计算!$Q$200*LN(10))*(MAX((LN(10^(逐级计算!$Q$200/10)-1)+逐级计算!$Q$200*(GR7-逐级计算!$P$200)*LN(10)/10),0)+LN(1+EXP(-ABS((LN(10^(逐级计算!$Q$200/10)-1)+逐级计算!$Q$200*(GR7-逐级计算!$P$200)*LN(10)/10))))))),"") -> 15.95762 | GT7: =IF(AND(ISNUMBER(GS7),逐级计算!$X$201>-1),IF(逐级计算!$X$201=0,GS7+逐级计算!$C$201,GS7+逐级计算!$C$201-(10/(逐级计算!$Q$201*LN(10))*(MAX((LN(10^(逐级计算!$Q$201/10)-1)+逐级计算!$Q$201*(GS7-逐级计算!$P$201)*LN(10)/10),0)+LN(1+EXP(-ABS((LN(10^(逐级计算!$Q$201/10)-1)+逐级计算!$Q$201*(GS7-逐级计算!$P$201)*LN(10)/10))))))),"") -> 15.95762 | GU7: =IF(AND(ISNUMBER(GT7),逐级计算!$X$202>-1),IF(逐级计算!$X$202=0,GT7+逐级计算!$C$202,GT7+逐级计算!$C$202-(10/(逐级计算!$Q$202*LN(10))*(MAX((LN(10^(逐级计算!$Q$202/10)-1)+逐级计算!$Q$202*(GT7-逐级计算!$P$202)*LN(10)/10),0)+LN(1+EXP(-ABS((LN(10^(逐级计算!$Q$202/10)-1)+逐级计算!$Q$202*(GT7-逐级计算!$P$202)*LN(10)/10))))))),"") -> 15.95762 | GV7: =IF(AND(ISNUMBER(GU7),逐级计算!$X$203>-1),IF(逐级计算!$X$203=0,GU7+逐级计算!$C$203,GU7+逐级计算!$C$203-(10/(逐级计算!$Q$203*LN(10))*(MAX((LN(10^(逐级计算!$Q$203/10)-1)+逐级计算!$Q$203*(GU7-逐级计算!$P$203)*LN(10)/10),0)+LN(1+EXP(-ABS((LN(10^(逐级计算!$Q$203/10)-1)+逐级计算!$Q$203*(GU7-逐级计算!$P$203)*LN(10)/10))))))),"") -> 15.95762
